lang,mic,isin,name,symbol,nominal_ammount,nominal_currency_id_formatted,maturity_date,maturity_date_formatted,interest_rate_percentage,last_price,last_trade_time,last_trade_time_formatted,last_trade_time_to_local_formatted,weight_percentage,quantity,change_prev_close_percentage,free_float_factor,weighting_factor,free_float_market_cap,download_date
hr,0,HRADPLRA0006,AD PLASTIK d.d.,ADPL,-,,0001-01-01T00:00:00,01.01.0001.,-&nbsp;%,"16,70",2025-09-10T17:51:05+02:00,17:51:05,10.09.2025. 15:51:05,"1,30&nbsp;%","4.199.584,00","+5,36&nbsp;%","0,70","1,00000000","49.093.136,96",2025-09-10
hr,0,HRADRSPA0009,ADRIS GRUPA d.d.,ADRS2,-,,0001-01-01T00:00:00,01.01.0001.,-&nbsp;%,"80,20",2025-09-10T17:47:12+02:00,17:47:12,10.09.2025. 15:47:12,"10,40&nbsp;%","6.784.100,00","+2,56&nbsp;%","0,95","0,76104433","393.369.033,94",2025-09-10
hr,0,HRARNTRA0004,Arena Hospitality Group d.d.,ARNT,-,,0001-01-01T00:00:00,01.01.0001.,-&nbsp;%,"39,00",2025-09-10T14:33:41+02:00,14:33:41,10.09.2025. 12:33:41,"1,85&nbsp;%","5.128.721,00","0,00&nbsp;%","0,35","1,00000000","70.007.041,65",2025-09-10
hr,0,HRATGRRA0003,ATLANTIC GRUPA d.d.,ATGR,-,,0001-01-01T00:00:00,01.01.0001.,-&nbsp;%,"42,20",2025-09-10T17:41:49+02:00,17:41:49,10.09.2025. 15:41:49,"6,69&nbsp;%","13.337.200,00","-1,86&nbsp;%","0,45","1,00000000","253.273.428,00",2025-09-10
hr,0,HRDLKVRA0006,Dalekovod d.d.,DLKV,-,,0001-01-01T00:00:00,01.01.0001.,-&nbsp;%,"8,24",2025-09-10T18:00:04+02:00,18:00:04,10.09.2025. 16:00:04,"2,25&nbsp;%","41.247.193,00","+4,57&nbsp;%","0,25","1,00000000","84.969.217,58",2025-09-10
hr,0,HRERNTRA0000,ERICSSON NIKOLA TESLA d.d.,ERNT,-,,0001-01-01T00:00:00,01.01.0001.,-&nbsp;%,"181,50",2025-09-10T17:46:50+02:00,17:46:50,10.09.2025. 15:46:50,"3,51&nbsp;%","1.331.650,00","-0,27&nbsp;%","0,55","1,00000000","132.931.961,25",2025-09-10
hr,0,HRHPB0RA0002,HPB d.d.,HPB,-,,0001-01-01T00:00:00,01.01.0001.,-&nbsp;%,"280,00",2025-09-10T16:36:24+02:00,16:36:24,10.09.2025. 14:36:24,"4,49&nbsp;%","2.024.625,00","+2,19&nbsp;%","0,30","1,00000000","170.068.500,00",2025-09-10
hr,0,HRHT00RA0005,HT d.d.,HT,-,,0001-01-01T00:00:00,01.01.0001.,-&nbsp;%,"41,20",2025-09-10T17:53:11+02:00,17:53:11,10.09.2025. 15:53:11,"9,29&nbsp;%","78.000.000,00","0,00&nbsp;%","0,40","0,27336938","351.399.935,83",2025-09-10
hr,0,HRIG00RA0009,ING-GRAD d.d.,IG,-,,0001-01-01T00:00:00,01.01.0001.,-&nbsp;%,"53,80",2025-09-10T17:51:51+02:00,17:51:51,10.09.2025. 15:51:51,"1,99&nbsp;%","3.990.000,00","+1,51&nbsp;%","0,35","1,00000000","75.131.700,00",2025-09-10
hr,0,HRIKBARA0008,ISTARSKA KREDITNA BANKA UMAG d.d.,IKBA,-,,0001-01-01T00:00:00,01.01.0001.,-&nbsp;%,"472,00",2025-09-10T12:08:34+02:00,12:08:34,10.09.2025. 10:08:34,"0,92&nbsp;%","148.000,00","-2,48&nbsp;%","0,50","1,00000000","34.928.000,00",2025-09-10
hr,0,HRINGRRA0001,INGRA d.d.,INGR,-,,0001-01-01T00:00:00,01.01.0001.,-&nbsp;%,"2,14",2025-09-10T18:00:12+02:00,18:00:12,10.09.2025. 16:00:12,"0,65&nbsp;%","13.545.200,00","+7,00&nbsp;%","0,85","1,00000000","24.638.718,80",2025-09-10
hr,0,HRKODTRA0007,KONCAR - DISTRIBUTIVNI I SPECIJALNI TRANSFORMATORI d.d.,KODT,-,,0001-01-01T00:00:00,01.01.0001.,-&nbsp;%,"3.840,00",2025-09-10T16:44:34+02:00,16:44:34,10.09.2025. 14:44:34,"11,71&nbsp;%","388.376,00","0,00&nbsp;%","0,35","0,84915861","443.241.555,88",2025-09-10
hr,0,HRKOEIRA0009,KONCAR d.d.,KOEI,-,,0001-01-01T00:00:00,01.01.0001.,-&nbsp;%,"708,00",2025-09-10T18:00:05+02:00,18:00:05,10.09.2025. 16:00:05,"12,41&nbsp;%","2.572.119,00","+2,61&nbsp;%","1,00","0,25791045","469.670.469,07",2025-09-10
hr,0,HRPLAGRA0003,PLAVA LAGUNA d.d.,PLAG,-,,0001-01-01T00:00:00,01.01.0001.,-&nbsp;%,"330,00",2025-09-10T16:13:13+02:00,16:13:13,10.09.2025. 14:13:13,"3,07&nbsp;%","2.197.772,00","0,00&nbsp;%","0,16","1,00000000","116.042.361,60",2025-09-10
hr,0,HRPODRRA0004,PODRAVKA d.d.,PODR,-,,0001-01-01T00:00:00,01.01.0001.,-&nbsp;%,"151,00",2025-09-10T17:39:50+02:00,17:39:50,10.09.2025. 15:39:50,"9,43&nbsp;%","7.120.003,00","+0,67&nbsp;%","0,80","0,41497575","356.919.133,06",2025-09-10
hr,0,HRRIVPRA0000,Valamar Riviera d.d.,RIVP,-,,0001-01-01T00:00:00,01.01.0001.,-&nbsp;%,"6,16",2025-09-10T18:00:07+02:00,18:00:07,10.09.2025. 16:00:07,"9,15&nbsp;%","126.027.542,00","-0,32&nbsp;%","0,55","0,81100146","346.282.467,66",2025-09-10
hr,0,HRSPANRA0007,SPAN d.d.,SPAN,-,,0001-01-01T00:00:00,01.01.0001.,-&nbsp;%,"62,80",2025-09-10T17:27:01+02:00,17:27:01,10.09.2025. 15:27:01,"2,28&nbsp;%","1.960.000,00","+2,95&nbsp;%","0,70","1,00000000","86.161.600,00",2025-09-10
hr,0,HRVLENRB0001,BRODOGRADILISTE VIKTOR LENAC d.d.,VLEN,-,,0001-01-01T00:00:00,01.01.0001.,-&nbsp;%,"4,10",2025-09-10T18:00:14+02:00,18:00:14,10.09.2025. 16:00:14,"0,26&nbsp;%","16.813.247,00","+3,02&nbsp;%","0,14","1,00000000","9.650.803,78",2025-09-10
hr,0,HRZABARA0009,Zagrebacka banka d.d.,ZABA,-,,0001-01-01T00:00:00,01.01.0001.,-&nbsp;%,"24,70",2025-09-10T17:51:03+02:00,17:51:03,10.09.2025. 15:51:03,"8,36&nbsp;%","320.241.955,00","+0,41&nbsp;%","0,04","1,00000000","316.399.051,54",2025-09-10
hr,0,HRADPLRA0006,AD PLASTIK d.d.,ADPL,-,,0001-01-01T00:00:00,01.01.0001.,-&nbsp;%,"16,95",2025-09-11T17:46:19+02:00,17:46:19,11.09.2025. 15:46:19,"1,31&nbsp;%","4.199.584,00","+1,50&nbsp;%","0,70","1,00000000","49.828.064,16",2025-09-11
hr,0,HRADRSPA0009,ADRIS GRUPA d.d.,ADRS2,-,,0001-01-01T00:00:00,01.01.0001.,-&nbsp;%,"81,00",2025-09-11T16:47:32+02:00,16:47:32,11.09.2025. 14:47:32,"10,47&nbsp;%","6.784.100,00","+1,00&nbsp;%","0,95","0,76104433","397.292.914,57",2025-09-11
hr,0,HRARNTRA0004,Arena Hospitality Group d.d.,ARNT,-,,0001-01-01T00:00:00,01.01.0001.,-&nbsp;%,"39,00",2025-09-11T17:37:49+02:00,17:37:49,11.09.2025. 15:37:49,"1,84&nbsp;%","5.128.721,00","0,00&nbsp;%","0,35","1,00000000","70.007.041,65",2025-09-11
hr,0,HRATGRRA0003,ATLANTIC GRUPA d.d.,ATGR,-,,0001-01-01T00:00:00,01.01.0001.,-&nbsp;%,"41,60",2025-09-11T15:02:40+02:00,15:02:40,11.09.2025. 13:02:40,"6,58&nbsp;%","13.337.200,00","-1,42&nbsp;%","0,45","1,00000000","249.672.384,00",2025-09-11
hr,0,HRDLKVRA0006,Dalekovod d.d.,DLKV,-,,0001-01-01T00:00:00,01.01.0001.,-&nbsp;%,"8,30",2025-09-11T18:00:08+02:00,18:00:08,11.09.2025. 16:00:08,"2,26&nbsp;%","41.247.193,00","+0,73&nbsp;%","0,25","1,00000000","85.587.925,48",2025-09-11
hr,0,HRERNTRA0000,ERICSSON NIKOLA TESLA d.d.,ERNT,-,,0001-01-01T00:00:00,01.01.0001.,-&nbsp;%,"182,00",2025-09-11T17:53:14+02:00,17:53:14,11.09.2025. 15:53:14,"3,51&nbsp;%","1.331.650,00","+0,28&nbsp;%","0,55","1,00000000","133.298.165,00",2025-09-11
hr,0,HRHPB0RA0002,HPB d.d.,HPB,-,,0001-01-01T00:00:00,01.01.0001.,-&nbsp;%,"280,00",2025-09-11T17:44:19+02:00,17:44:19,11.09.2025. 15:44:19,"4,48&nbsp;%","2.024.625,00","0,00&nbsp;%","0,30","1,00000000","170.068.500,00",2025-09-11
hr,0,HRHT00RA0005,HT d.d.,HT,-,,0001-01-01T00:00:00,01.01.0001.,-&nbsp;%,"41,40",2025-09-11T18:00:06+02:00,18:00:06,11.09.2025. 16:00:06,"9,31&nbsp;%","78.000.000,00","+0,49&nbsp;%","0,40","0,27336938","353.105.760,76",2025-09-11
hr,0,HRIG00RA0009,ING-GRAD d.d.,IG,-,,0001-01-01T00:00:00,01.01.0001.,-&nbsp;%,"53,40",2025-09-11T17:51:33+02:00,17:51:33,11.09.2025. 15:51:33,"1,97&nbsp;%","3.990.000,00","-0,74&nbsp;%","0,35","1,00000000","74.573.100,00",2025-09-11
hr,0,HRIKBARA0008,ISTARSKA KREDITNA BANKA UMAG d.d.,IKBA,-,,0001-01-01T00:00:00,01.01.0001.,-&nbsp;%,"472,00",2025-09-10T12:08:34+02:00,10.09.2025. 12:08:34,10.09.2025. 10:08:34,"0,92&nbsp;%","148.000,00",-,"0,50","1,00000000","34.928.000,00",2025-09-11
hr,0,HRINGRRA0001,INGRA d.d.,INGR,-,,0001-01-01T00:00:00,01.01.0001.,-&nbsp;%,"2,08",2025-09-11T16:18:26+02:00,16:18:26,11.09.2025. 14:18:26,"0,63&nbsp;%","13.545.200,00","-2,80&nbsp;%","0,85","1,00000000","23.947.913,60",2025-09-11
hr,0,HRKODTRA0007,KONCAR - DISTRIBUTIVNI I SPECIJALNI TRANSFORMATORI d.d.,KODT,-,,0001-01-01T00:00:00,01.01.0001.,-&nbsp;%,"3.850,00",2025-09-11T16:19:10+02:00,16:19:10,11.09.2025. 14:19:10,"11,71&nbsp;%","388.376,00","+0,26&nbsp;%","0,35","0,84915861","444.395.830,77",2025-09-11
hr,0,HRKOEIRA0009,KONCAR d.d.,KOEI,-,,0001-01-01T00:00:00,01.01.0001.,-&nbsp;%,"712,00",2025-09-11T18:00:01+02:00,18:00:01,11.09.2025. 16:00:01,"12,45&nbsp;%","2.572.119,00","+0,56&nbsp;%","1,00","0,25791045","472.323.974,55",2025-09-11
hr,0,HRPLAGRA0003,PLAVA LAGUNA d.d.,PLAG,-,,0001-01-01T00:00:00,01.01.0001.,-&nbsp;%,"330,00",2025-09-11T16:08:31+02:00,16:08:31,11.09.2025. 14:08:31,"3,06&nbsp;%","2.197.772,00","0,00&nbsp;%","0,16","1,00000000","116.042.361,60",2025-09-11
hr,0,HRPODRRA0004,PODRAVKA d.d.,PODR,-,,0001-01-01T00:00:00,01.01.0001.,-&nbsp;%,"151,00",2025-09-11T17:46:14+02:00,17:46:14,11.09.2025. 15:46:14,"9,41&nbsp;%","7.120.003,00","0,00&nbsp;%","0,80","0,41497575","356.919.133,06",2025-09-11
hr,0,HRRIVPRA0000,Valamar Riviera d.d.,RIVP,-,,0001-01-01T00:00:00,01.01.0001.,-&nbsp;%,"6,22",2025-09-11T17:54:41+02:00,17:54:41,11.09.2025. 15:54:41,"9,21&nbsp;%","126.027.542,00","+0,97&nbsp;%","0,55","0,81100146","349.655.348,84",2025-09-11
hr,0,HRSPANRA0007,SPAN d.d.,SPAN,-,,0001-01-01T00:00:00,01.01.0001.,-&nbsp;%,"63,00",2025-09-11T17:38:19+02:00,17:38:19,11.09.2025. 15:38:19,"2,28&nbsp;%","1.960.000,00","+0,32&nbsp;%","0,70","1,00000000","86.436.000,00",2025-09-11
hr,0,HRVLENRB0001,BRODOGRADILISTE VIKTOR LENAC d.d.,VLEN,-,,0001-01-01T00:00:00,01.01.0001.,-&nbsp;%,"4,36",2025-09-11T17:51:02+02:00,17:51:02,11.09.2025. 15:51:02,"0,27&nbsp;%","16.813.247,00","+6,34&nbsp;%","0,14","1,00000000","10.262.805,97",2025-09-11
hr,0,HRZABARA0009,Zagrebacka banka d.d.,ZABA,-,,0001-01-01T00:00:00,01.01.0001.,-&nbsp;%,"24,70",2025-09-11T17:11:16+02:00,17:11:16,11.09.2025. 15:11:16,"8,34&nbsp;%","320.241.955,00","0,00&nbsp;%","0,04","1,00000000","316.399.051,54",2025-09-11
hr,0,HRADPLRA0006,AD PLASTIK d.d.,ADPL,-,,0001-01-01T00:00:00,01.01.0001.,-&nbsp;%,"17,00",2025-09-16T17:53:45+02:00,17:53:45,16.09.2025. 15:53:45,"1,31&nbsp;%","4.199.584,00","+0,29&nbsp;%","0,70","1,00000000","49.975.049,60",2025-09-16
hr,0,HRADRSPA0009,ADRIS GRUPA d.d.,ADRS2,-,,0001-01-01T00:00:00,01.01.0001.,-&nbsp;%,"81,20",2025-09-16T16:53:08+02:00,16:53:08,16.09.2025. 14:53:08,"10,45&nbsp;%","6.784.100,00","-0,98&nbsp;%","0,95","0,76104433","398.273.884,73",2025-09-16
hr,0,HRARNTRA0004,Arena Hospitality Group d.d.,ARNT,-,,0001-01-01T00:00:00,01.01.0001.,-&nbsp;%,"39,00",2025-09-15T17:44:34+02:00,15.09.2025. 17:44:34,15.09.2025. 15:44:34,"1,84&nbsp;%","5.128.721,00",-,"0,35","1,00000000","70.007.041,65",2025-09-16
hr,0,HRATGRRA0003,ATLANTIC GRUPA d.d.,ATGR,-,,0001-01-01T00:00:00,01.01.0001.,-&nbsp;%,"44,00",2025-09-16T17:51:04+02:00,17:51:04,16.09.2025. 15:51:04,"6,93&nbsp;%","13.337.200,00","-1,79&nbsp;%","0,45","1,00000000","264.076.560,00",2025-09-16
hr,0,HRDLKVRA0006,Dalekovod d.d.,DLKV,-,,0001-01-01T00:00:00,01.01.0001.,-&nbsp;%,"8,36",2025-09-16T18:00:01+02:00,18:00:01,16.09.2025. 16:00:01,"2,26&nbsp;%","41.247.193,00","-0,24&nbsp;%","0,25","1,00000000","86.206.633,37",2025-09-16
hr,0,HRERNTRA0000,ERICSSON NIKOLA TESLA d.d.,ERNT,-,,0001-01-01T00:00:00,01.01.0001.,-&nbsp;%,"187,50",2025-09-16T18:00:06+02:00,18:00:06,16.09.2025. 16:00:06,"3,60&nbsp;%","1.331.650,00","+0,81&nbsp;%","0,55","1,00000000","137.326.406,25",2025-09-16
hr,0,HRHPB0RA0002,HPB d.d.,HPB,-,,0001-01-01T00:00:00,01.01.0001.,-&nbsp;%,"284,00",2025-09-15T12:52:05+02:00,15.09.2025. 12:52:05,15.09.2025. 10:52:05,"4,53&nbsp;%","2.024.625,00",-,"0,30","1,00000000","172.498.050,00",2025-09-16
hr,0,HRHT00RA0005,HT d.d.,HT,-,,0001-01-01T00:00:00,01.01.0001.,-&nbsp;%,"41,50",2025-09-16T17:41:01+02:00,17:41:01,16.09.2025. 15:41:01,"9,29&nbsp;%","78.000.000,00","-1,66&nbsp;%","0,40","0,27336938","353.958.673,22",2025-09-16
hr,0,HRIG00RA0009,ING-GRAD d.d.,IG,-,,0001-01-01T00:00:00,01.01.0001.,-&nbsp;%,"54,80",2025-09-16T15:18:10+02:00,15:18:10,16.09.2025. 13:18:10,"2,01&nbsp;%","3.990.000,00","-0,36&nbsp;%","0,35","1,00000000","76.528.200,00",2025-09-16
hr,0,HRIKBARA0008,ISTARSKA KREDITNA BANKA UMAG d.d.,IKBA,-,,0001-01-01T00:00:00,01.01.0001.,-&nbsp;%,"472,00",2025-09-12T18:00:11+02:00,12.09.2025. 18:00:11,12.09.2025. 16:00:11,"0,92&nbsp;%","148.000,00",-,"0,50","1,00000000","34.928.000,00",2025-09-16
hr,0,HRINGRRA0001,INGRA d.d.,INGR,-,,0001-01-01T00:00:00,01.01.0001.,-&nbsp;%,"2,10",2025-09-16T15:52:48+02:00,15:52:48,16.09.2025. 13:52:48,"0,63&nbsp;%","13.545.200,00","-0,94&nbsp;%","0,85","1,00000000","24.178.182,00",2025-09-16
hr,0,HRKODTRA0007,KONCAR - DISTRIBUTIVNI I SPECIJALNI TRANSFORMATORI d.d.,KODT,-,,0001-01-01T00:00:00,01.01.0001.,-&nbsp;%,"3.860,00",2025-09-16T18:00:08+02:00,18:00:08,16.09.2025. 16:00:08,"11,69&nbsp;%","388.376,00","+2,39&nbsp;%","0,35","0,84915861","445.550.105,65",2025-09-16
hr,0,HRKOEIRA0009,KONCAR d.d.,KOEI,-,,0001-01-01T00:00:00,01.01.0001.,-&nbsp;%,"670,00",2025-09-16T17:51:38+02:00,17:51:38,16.09.2025. 15:51:38,"11,67&nbsp;%","2.572.119,00","-3,46&nbsp;%","1,00","0,25791045","444.462.167,06",2025-09-16
hr,0,HRPLAGRA0003,PLAVA LAGUNA d.d.,PLAG,-,,0001-01-01T00:00:00,01.01.0001.,-&nbsp;%,"332,00",2025-09-16T16:14:14+02:00,16:14:14,16.09.2025. 14:14:14,"3,06&nbsp;%","2.197.772,00","0,00&nbsp;%","0,16","1,00000000","116.745.648,64",2025-09-16
hr,0,HRPODRRA0004,PODRAVKA d.d.,PODR,-,,0001-01-01T00:00:00,01.01.0001.,-&nbsp;%,"155,50",2025-09-16T15:56:05+02:00,15:56:05,16.09.2025. 13:56:05,"9,65&nbsp;%","7.120.003,00","-1,89&nbsp;%","0,80","0,41497575","367.555.795,96",2025-09-16
hr,0,HRRIVPRA0000,Valamar Riviera d.d.,RIVP,-,,0001-01-01T00:00:00,01.01.0001.,-&nbsp;%,"6,28",2025-09-16T17:51:30+02:00,17:51:30,16.09.2025. 15:51:30,"9,27&nbsp;%","126.027.542,00","-0,32&nbsp;%","0,55","0,81100146","353.028.230,02",2025-09-16
hr,0,HRSPANRA0007,SPAN d.d.,SPAN,-,,0001-01-01T00:00:00,01.01.0001.,-&nbsp;%,"62,00",2025-09-16T12:19:15+02:00,12:19:15,16.09.2025. 10:19:15,"2,23&nbsp;%","1.960.000,00","-0,64&nbsp;%","0,70","1,00000000","85.064.000,00",2025-09-16
hr,0,HRVLENRB0001,BRODOGRADILISTE VIKTOR LENAC d.d.,VLEN,-,,0001-01-01T00:00:00,01.01.0001.,-&nbsp;%,"4,50",2025-09-16T17:12:11+02:00,17:12:11,16.09.2025. 15:12:11,"0,28&nbsp;%","16.813.247,00","-2,17&nbsp;%","0,14","1,00000000","10.592.345,61",2025-09-16
hr,0,HRZABARA0009,Zagrebacka banka d.d.,ZABA,-,,0001-01-01T00:00:00,01.01.0001.,-&nbsp;%,"24,90",2025-09-16T16:46:10+02:00,16:46:10,16.09.2025. 14:46:10,"8,37&nbsp;%","320.241.955,00","-0,40&nbsp;%","0,04","1,00000000","318.960.987,18",2025-09-16
hr,0,HRADPLRA0006,AD PLASTIK d.d.,ADPL,-,,0001-01-01T00:00:00,01.01.0001.,-&nbsp;%,"18,10",2025-09-18T17:23:52+02:00,17:23:52,18.09.2025. 15:23:52,"1,40&nbsp;%","4.199.584,00","-1,09&nbsp;%","0,70","1,00000000","53.208.729,28",2025-09-18
hr,0,HRADRSPA0009,ADRIS GRUPA d.d.,ADRS2,-,,0001-01-01T00:00:00,01.01.0001.,-&nbsp;%,"80,40",2025-09-18T15:38:22+02:00,15:38:22,18.09.2025. 13:38:22,"10,39&nbsp;%","6.784.100,00","-0,50&nbsp;%","0,95","0,76104433","394.350.004,09",2025-09-18
hr,0,HRARNTRA0004,Arena Hospitality Group d.d.,ARNT,-,,0001-01-01T00:00:00,01.01.0001.,-&nbsp;%,"39,00",2025-09-15T17:44:34+02:00,15.09.2025. 17:44:34,15.09.2025. 15:44:34,"1,85&nbsp;%","5.128.721,00",-,"0,35","1,00000000","70.007.041,65",2025-09-18
hr,0,HRATGRRA0003,ATLANTIC GRUPA d.d.,ATGR,-,,0001-01-01T00:00:00,01.01.0001.,-&nbsp;%,"44,00",2025-09-18T15:22:14+02:00,15:22:14,18.09.2025. 13:22:14,"6,96&nbsp;%","13.337.200,00","-0,90&nbsp;%","0,45","1,00000000","264.076.560,00",2025-09-18
hr,0,HRDLKVRA0006,Dalekovod d.d.,DLKV,-,,0001-01-01T00:00:00,01.01.0001.,-&nbsp;%,"8,28",2025-09-18T17:54:38+02:00,17:54:38,18.09.2025. 15:54:38,"2,25&nbsp;%","41.247.193,00","+0,49&nbsp;%","0,25","1,00000000","85.381.689,51",2025-09-18
hr,0,HRERNTRA0000,ERICSSON NIKOLA TESLA d.d.,ERNT,-,,0001-01-01T00:00:00,01.01.0001.,-&nbsp;%,"188,00",2025-09-18T16:55:25+02:00,16:55:25,18.09.2025. 14:55:25,"3,63&nbsp;%","1.331.650,00","+1,62&nbsp;%","0,55","1,00000000","137.692.610,00",2025-09-18
hr,0,HRHPB0RA0002,HPB d.d.,HPB,-,,0001-01-01T00:00:00,01.01.0001.,-&nbsp;%,"292,00",2025-09-18T17:45:41+02:00,17:45:41,18.09.2025. 15:45:41,"4,67&nbsp;%","2.024.625,00","+3,55&nbsp;%","0,30","1,00000000","177.357.150,00",2025-09-18
hr,0,HRHT00RA0005,HT d.d.,HT,-,,0001-01-01T00:00:00,01.01.0001.,-&nbsp;%,"41,90",2025-09-18T17:44:33+02:00,17:44:33,18.09.2025. 15:44:33,"9,42&nbsp;%","78.000.000,00","-0,24&nbsp;%","0,40","0,27336938","357.370.323,09",2025-09-18
hr,0,HRIG00RA0009,ING-GRAD d.d.,IG,-,,0001-01-01T00:00:00,01.01.0001.,-&nbsp;%,"55,00",2025-09-18T17:07:10+02:00,17:07:10,18.09.2025. 15:07:10,"2,02&nbsp;%","3.990.000,00","+1,48&nbsp;%","0,35","1,00000000","76.807.500,00",2025-09-18
hr,0,HRIKBARA0008,ISTARSKA KREDITNA BANKA UMAG d.d.,IKBA,-,,0001-01-01T00:00:00,01.01.0001.,-&nbsp;%,"472,00",2025-09-12T18:00:11+02:00,12.09.2025. 18:00:11,12.09.2025. 16:00:11,"0,92&nbsp;%","148.000,00",-,"0,50","1,00000000","34.928.000,00",2025-09-18
hr,0,HRINGRRA0001,INGRA d.d.,INGR,-,,0001-01-01T00:00:00,01.01.0001.,-&nbsp;%,"2,02",2025-09-18T18:00:07+02:00,18:00:07,18.09.2025. 16:00:07,"0,61&nbsp;%","13.545.200,00","-3,81&nbsp;%","0,85","1,00000000","23.257.108,40",2025-09-18
hr,0,HRKODTRA0007,KONCAR - DISTRIBUTIVNI I SPECIJALNI TRANSFORMATORI d.d.,KODT,-,,0001-01-01T00:00:00,01.01.0001.,-&nbsp;%,"3.810,00",2025-09-18T18:00:11+02:00,18:00:11,18.09.2025. 16:00:11,"11,59&nbsp;%","388.376,00","+0,26&nbsp;%","0,35","0,84915861","439.778.731,23",2025-09-18
hr,0,HRKOEIRA0009,KONCAR d.d.,KOEI,-,,0001-01-01T00:00:00,01.01.0001.,-&nbsp;%,"654,00",2025-09-18T17:52:14+02:00,17:52:14,18.09.2025. 15:52:14,"11,44&nbsp;%","2.572.119,00","-0,91&nbsp;%","1,00","0,25791045","433.848.145,16",2025-09-18
hr,0,HRPLAGRA0003,PLAVA LAGUNA d.d.,PLAG,-,,0001-01-01T00:00:00,01.01.0001.,-&nbsp;%,"338,00",2025-09-17T13:16:35+02:00,17.09.2025. 13:16:35,17.09.2025. 11:16:35,"3,13&nbsp;%","2.197.772,00",-,"0,16","1,00000000","118.855.509,76",2025-09-18
hr,0,HRPODRRA0004,PODRAVKA d.d.,PODR,-,,0001-01-01T00:00:00,01.01.0001.,-&nbsp;%,"154,50",2025-09-18T18:00:14+02:00,18:00:14,18.09.2025. 16:00:14,"9,63&nbsp;%","7.120.003,00","-1,59&nbsp;%","0,80","0,41497575","365.192.093,10",2025-09-18
hr,0,HRRIVPRA0000,Valamar Riviera d.d.,RIVP,-,,0001-01-01T00:00:00,01.01.0001.,-&nbsp;%,"6,24",2025-09-18T18:00:12+02:00,18:00:12,18.09.2025. 16:00:12,"9,25&nbsp;%","126.027.542,00","+0,32&nbsp;%","0,55","0,81100146","350.779.642,57",2025-09-18
hr,0,HRSPANRA0007,SPAN d.d.,SPAN,-,,0001-01-01T00:00:00,01.01.0001.,-&nbsp;%,"61,00",2025-09-18T14:57:56+02:00,14:57:56,18.09.2025. 12:57:56,"2,21&nbsp;%","1.960.000,00","-0,65&nbsp;%","0,70","1,00000000","83.692.000,00",2025-09-18
hr,0,HRVLENRB0001,BRODOGRADILISTE VIKTOR LENAC d.d.,VLEN,-,,0001-01-01T00:00:00,01.01.0001.,-&nbsp;%,"4,58",2025-09-18T18:00:12+02:00,18:00:12,18.09.2025. 16:00:12,"0,28&nbsp;%","16.813.247,00","+1,78&nbsp;%","0,14","1,00000000","10.780.653,98",2025-09-18
hr,0,HRZABARA0009,Zagrebacka banka d.d.,ZABA,-,,0001-01-01T00:00:00,01.01.0001.,-&nbsp;%,"24,70",2025-09-18T17:42:54+02:00,17:42:54,18.09.2025. 15:42:54,"8,34&nbsp;%","320.241.955,00","-0,40&nbsp;%","0,04","1,00000000","316.399.051,54",2025-09-18
hr,0,HRADPLRA0006,AD PLASTIK d.d.,ADPL,-,,0001-01-01T00:00:00,01.01.0001.,-&nbsp;%,"17,45",2025-09-19T18:00:14+02:00,19.09.2025. 18:00:14,19.09.2025. 16:00:14,"1,35&nbsp;%","4.199.584,00","-3,59&nbsp;%","0,70","1,00000000","51.297.918,56",2025-09-21
hr,0,HRADRSPA0009,ADRIS GRUPA d.d.,ADRS2,-,,0001-01-01T00:00:00,01.01.0001.,-&nbsp;%,"83,00",2025-09-19T18:00:13+02:00,19.09.2025. 18:00:13,19.09.2025. 16:00:13,"10,68&nbsp;%","6.784.100,00","+3,23&nbsp;%","0,95","0,76104433","407.102.616,17",2025-09-21
hr,0,HRARNTRA0004,Arena Hospitality Group d.d.,ARNT,-,,0001-01-01T00:00:00,01.01.0001.,-&nbsp;%,"39,00",2025-09-15T17:44:34+02:00,15.09.2025. 17:44:34,15.09.2025. 15:44:34,"1,84&nbsp;%","5.128.721,00",-,"0,35","1,00000000","70.007.041,65",2025-09-21
hr,0,HRATGRRA0003,ATLANTIC GRUPA d.d.,ATGR,-,,0001-01-01T00:00:00,01.01.0001.,-&nbsp;%,"45,00",2025-09-19T18:00:13+02:00,19.09.2025. 18:00:13,19.09.2025. 16:00:13,"7,08&nbsp;%","13.337.200,00","+2,27&nbsp;%","0,45","1,00000000","270.078.300,00",2025-09-21
hr,0,HRDLKVRA0006,Dalekovod d.d.,DLKV,-,,0001-01-01T00:00:00,01.01.0001.,-&nbsp;%,"8,30",2025-09-19T17:51:43+02:00,19.09.2025. 17:51:43,19.09.2025. 15:51:43,"2,24&nbsp;%","41.247.193,00","+0,24&nbsp;%","0,25","1,00000000","85.587.925,48",2025-09-21
hr,0,HRERNTRA0000,ERICSSON NIKOLA TESLA d.d.,ERNT,-,,0001-01-01T00:00:00,01.01.0001.,-&nbsp;%,"187,50",2025-09-19T18:00:05+02:00,19.09.2025. 18:00:05,19.09.2025. 16:00:05,"3,60&nbsp;%","1.331.650,00","-0,27&nbsp;%","0,55","1,00000000","137.326.406,25",2025-09-21
hr,0,HRHPB0RA0002,HPB d.d.,HPB,-,,0001-01-01T00:00:00,01.01.0001.,-&nbsp;%,"296,00",2025-09-19T18:00:11+02:00,19.09.2025. 18:00:11,19.09.2025. 16:00:11,"4,72&nbsp;%","2.024.625,00","+1,37&nbsp;%","0,30","1,00000000","179.786.700,00",2025-09-21
hr,0,HRHT00RA0005,HT d.d.,HT,-,,0001-01-01T00:00:00,01.01.0001.,-&nbsp;%,"42,50",2025-09-19T18:00:02+02:00,19.09.2025. 18:00:02,19.09.2025. 16:00:02,"9,51&nbsp;%","78.000.000,00","+1,43&nbsp;%","0,40","0,27336938","362.487.797,88",2025-09-21
hr,0,HRIG00RA0009,ING-GRAD d.d.,IG,-,,0001-01-01T00:00:00,01.01.0001.,-&nbsp;%,"56,40",2025-09-19T18:00:09+02:00,19.09.2025. 18:00:09,19.09.2025. 16:00:09,"2,07&nbsp;%","3.990.000,00","+2,55&nbsp;%","0,35","1,00000000","78.762.600,00",2025-09-21
hr,0,HRIKBARA0008,ISTARSKA KREDITNA BANKA UMAG d.d.,IKBA,-,,0001-01-01T00:00:00,01.01.0001.,-&nbsp;%,"470,00",2025-09-19T18:00:13+02:00,19.09.2025. 18:00:13,19.09.2025. 16:00:13,"0,91&nbsp;%","148.000,00","-0,42&nbsp;%","0,50","1,00000000","34.780.000,00",2025-09-21
hr,0,HRINGRRA0001,INGRA d.d.,INGR,-,,0001-01-01T00:00:00,01.01.0001.,-&nbsp;%,"2,12",2025-09-19T18:00:08+02:00,19.09.2025. 18:00:08,19.09.2025. 16:00:08,"0,64&nbsp;%","13.545.200,00","+4,95&nbsp;%","0,85","1,00000000","24.408.450,40",2025-09-21
hr,0,HRKODTRA0007,KONCAR - DISTRIBUTIVNI I SPECIJALNI TRANSFORMATORI d.d.,KODT,-,,0001-01-01T00:00:00,01.01.0001.,-&nbsp;%,"3.790,00",2025-09-19T17:52:45+02:00,19.09.2025. 17:52:45,19.09.2025. 15:52:45,"11,47&nbsp;%","388.376,00","-0,52&nbsp;%","0,35","0,84915861","437.470.181,46",2025-09-21
hr,0,HRKOEIRA0009,KONCAR d.d.,KOEI,-,,0001-01-01T00:00:00,01.01.0001.,-&nbsp;%,"640,00",2025-09-19T18:00:11+02:00,19.09.2025. 18:00:11,19.09.2025. 16:00:11,"11,14&nbsp;%","2.572.119,00","-2,14&nbsp;%","1,00","0,25791045","424.560.876,00",2025-09-21
hr,0,HRPLAGRA0003,PLAVA LAGUNA d.d.,PLAG,-,,0001-01-01T00:00:00,01.01.0001.,-&nbsp;%,"334,00",2025-09-19T14:55:09+02:00,19.09.2025. 14:55:09,19.09.2025. 12:55:09,"3,08&nbsp;%","2.197.772,00","-1,18&nbsp;%","0,16","1,00000000","117.448.935,68",2025-09-21
hr,0,HRPODRRA0004,PODRAVKA d.d.,PODR,-,,0001-01-01T00:00:00,01.01.0001.,-&nbsp;%,"155,50",2025-09-19T18:00:08+02:00,19.09.2025. 18:00:08,19.09.2025. 16:00:08,"9,64&nbsp;%","7.120.003,00","+0,65&nbsp;%","0,80","0,41497575","367.555.795,96",2025-09-21
hr,0,HRRIVPRA0000,Valamar Riviera d.d.,RIVP,-,,0001-01-01T00:00:00,01.01.0001.,-&nbsp;%,"6,28",2025-09-19T18:00:05+02:00,19.09.2025. 18:00:05,19.09.2025. 16:00:05,"9,26&nbsp;%","126.027.542,00","+0,64&nbsp;%","0,55","0,81100146","353.028.230,02",2025-09-21
hr,0,HRSPANRA0007,SPAN d.d.,SPAN,-,,0001-01-01T00:00:00,01.01.0001.,-&nbsp;%,"58,40",2025-09-19T18:00:07+02:00,19.09.2025. 18:00:07,19.09.2025. 16:00:07,"2,10&nbsp;%","1.960.000,00","-4,26&nbsp;%","0,70","1,00000000","80.124.800,00",2025-09-21
hr,0,HRVLENRB0001,BRODOGRADILISTE VIKTOR LENAC d.d.,VLEN,-,,0001-01-01T00:00:00,01.01.0001.,-&nbsp;%,"4,58",2025-09-19T14:17:50+02:00,19.09.2025. 14:17:50,19.09.2025. 12:17:50,"0,28&nbsp;%","16.813.247,00","0,00&nbsp;%","0,14","1,00000000","10.780.653,98",2025-09-21
hr,0,HRZABARA0009,Zagrebacka banka d.d.,ZABA,-,,0001-01-01T00:00:00,01.01.0001.,-&nbsp;%,"25,00",2025-09-19T17:50:21+02:00,19.09.2025. 17:50:21,19.09.2025. 15:50:21,"8,40&nbsp;%","320.241.955,00","+1,21&nbsp;%","0,04","1,00000000","320.241.955,00",2025-09-21
hr,0,HRADPLRA0006,AD PLASTIK d.d.,ADPL,-,,0001-01-01T00:00:00,01.01.0001.,-&nbsp;%,"17,45",2025-09-19T18:00:14+02:00,19.09.2025. 18:00:14,19.09.2025. 16:00:14,"1,35&nbsp;%","4.199.584,00","-3,59&nbsp;%","0,70","1,00000000","51.297.918,56",2025-09-21
hr,0,HRADRSPA0009,ADRIS GRUPA d.d.,ADRS2,-,,0001-01-01T00:00:00,01.01.0001.,-&nbsp;%,"83,00",2025-09-19T18:00:13+02:00,19.09.2025. 18:00:13,19.09.2025. 16:00:13,"10,68&nbsp;%","6.784.100,00","+3,23&nbsp;%","0,95","0,76104433","407.102.616,17",2025-09-21
hr,0,HRARNTRA0004,Arena Hospitality Group d.d.,ARNT,-,,0001-01-01T00:00:00,01.01.0001.,-&nbsp;%,"39,00",2025-09-15T17:44:34+02:00,15.09.2025. 17:44:34,15.09.2025. 15:44:34,"1,84&nbsp;%","5.128.721,00",-,"0,35","1,00000000","70.007.041,65",2025-09-21
hr,0,HRATGRRA0003,ATLANTIC GRUPA d.d.,ATGR,-,,0001-01-01T00:00:00,01.01.0001.,-&nbsp;%,"45,00",2025-09-19T18:00:13+02:00,19.09.2025. 18:00:13,19.09.2025. 16:00:13,"7,08&nbsp;%","13.337.200,00","+2,27&nbsp;%","0,45","1,00000000","270.078.300,00",2025-09-21
hr,0,HRDLKVRA0006,Dalekovod d.d.,DLKV,-,,0001-01-01T00:00:00,01.01.0001.,-&nbsp;%,"8,30",2025-09-19T17:51:43+02:00,19.09.2025. 17:51:43,19.09.2025. 15:51:43,"2,24&nbsp;%","41.247.193,00","+0,24&nbsp;%","0,25","1,00000000","85.587.925,48",2025-09-21
hr,0,HRERNTRA0000,ERICSSON NIKOLA TESLA d.d.,ERNT,-,,0001-01-01T00:00:00,01.01.0001.,-&nbsp;%,"187,50",2025-09-19T18:00:05+02:00,19.09.2025. 18:00:05,19.09.2025. 16:00:05,"3,60&nbsp;%","1.331.650,00","-0,27&nbsp;%","0,55","1,00000000","137.326.406,25",2025-09-21
hr,0,HRHPB0RA0002,HPB d.d.,HPB,-,,0001-01-01T00:00:00,01.01.0001.,-&nbsp;%,"296,00",2025-09-19T18:00:11+02:00,19.09.2025. 18:00:11,19.09.2025. 16:00:11,"4,72&nbsp;%","2.024.625,00","+1,37&nbsp;%","0,30","1,00000000","179.786.700,00",2025-09-21
hr,0,HRHT00RA0005,HT d.d.,HT,-,,0001-01-01T00:00:00,01.01.0001.,-&nbsp;%,"42,50",2025-09-19T18:00:02+02:00,19.09.2025. 18:00:02,19.09.2025. 16:00:02,"9,51&nbsp;%","78.000.000,00","+1,43&nbsp;%","0,40","0,27336938","362.487.797,88",2025-09-21
hr,0,HRIG00RA0009,ING-GRAD d.d.,IG,-,,0001-01-01T00:00:00,01.01.0001.,-&nbsp;%,"56,40",2025-09-19T18:00:09+02:00,19.09.2025. 18:00:09,19.09.2025. 16:00:09,"2,07&nbsp;%","3.990.000,00","+2,55&nbsp;%","0,35","1,00000000","78.762.600,00",2025-09-21
hr,0,HRIKBARA0008,ISTARSKA KREDITNA BANKA UMAG d.d.,IKBA,-,,0001-01-01T00:00:00,01.01.0001.,-&nbsp;%,"470,00",2025-09-19T18:00:13+02:00,19.09.2025. 18:00:13,19.09.2025. 16:00:13,"0,91&nbsp;%","148.000,00","-0,42&nbsp;%","0,50","1,00000000","34.780.000,00",2025-09-21
hr,0,HRINGRRA0001,INGRA d.d.,INGR,-,,0001-01-01T00:00:00,01.01.0001.,-&nbsp;%,"2,12",2025-09-19T18:00:08+02:00,19.09.2025. 18:00:08,19.09.2025. 16:00:08,"0,64&nbsp;%","13.545.200,00","+4,95&nbsp;%","0,85","1,00000000","24.408.450,40",2025-09-21
hr,0,HRKODTRA0007,KONCAR - DISTRIBUTIVNI I SPECIJALNI TRANSFORMATORI d.d.,KODT,-,,0001-01-01T00:00:00,01.01.0001.,-&nbsp;%,"3.790,00",2025-09-19T17:52:45+02:00,19.09.2025. 17:52:45,19.09.2025. 15:52:45,"11,47&nbsp;%","388.376,00","-0,52&nbsp;%","0,35","0,84915861","437.470.181,46",2025-09-21
hr,0,HRKOEIRA0009,KONCAR d.d.,KOEI,-,,0001-01-01T00:00:00,01.01.0001.,-&nbsp;%,"640,00",2025-09-19T18:00:11+02:00,19.09.2025. 18:00:11,19.09.2025. 16:00:11,"11,14&nbsp;%","2.572.119,00","-2,14&nbsp;%","1,00","0,25791045","424.560.876,00",2025-09-21
hr,0,HRPLAGRA0003,PLAVA LAGUNA d.d.,PLAG,-,,0001-01-01T00:00:00,01.01.0001.,-&nbsp;%,"334,00",2025-09-19T14:55:09+02:00,19.09.2025. 14:55:09,19.09.2025. 12:55:09,"3,08&nbsp;%","2.197.772,00","-1,18&nbsp;%","0,16","1,00000000","117.448.935,68",2025-09-21
hr,0,HRPODRRA0004,PODRAVKA d.d.,PODR,-,,0001-01-01T00:00:00,01.01.0001.,-&nbsp;%,"155,50",2025-09-19T18:00:08+02:00,19.09.2025. 18:00:08,19.09.2025. 16:00:08,"9,64&nbsp;%","7.120.003,00","+0,65&nbsp;%","0,80","0,41497575","367.555.795,96",2025-09-21
hr,0,HRRIVPRA0000,Valamar Riviera d.d.,RIVP,-,,0001-01-01T00:00:00,01.01.0001.,-&nbsp;%,"6,28",2025-09-19T18:00:05+02:00,19.09.2025. 18:00:05,19.09.2025. 16:00:05,"9,26&nbsp;%","126.027.542,00","+0,64&nbsp;%","0,55","0,81100146","353.028.230,02",2025-09-21
hr,0,HRSPANRA0007,SPAN d.d.,SPAN,-,,0001-01-01T00:00:00,01.01.0001.,-&nbsp;%,"58,40",2025-09-19T18:00:07+02:00,19.09.2025. 18:00:07,19.09.2025. 16:00:07,"2,10&nbsp;%","1.960.000,00","-4,26&nbsp;%","0,70","1,00000000","80.124.800,00",2025-09-21
hr,0,HRVLENRB0001,BRODOGRADILISTE VIKTOR LENAC d.d.,VLEN,-,,0001-01-01T00:00:00,01.01.0001.,-&nbsp;%,"4,58",2025-09-19T14:17:50+02:00,19.09.2025. 14:17:50,19.09.2025. 12:17:50,"0,28&nbsp;%","16.813.247,00","0,00&nbsp;%","0,14","1,00000000","10.780.653,98",2025-09-21
hr,0,HRZABARA0009,Zagrebacka banka d.d.,ZABA,-,,0001-01-01T00:00:00,01.01.0001.,-&nbsp;%,"25,00",2025-09-19T17:50:21+02:00,19.09.2025. 17:50:21,19.09.2025. 15:50:21,"8,40&nbsp;%","320.241.955,00","+1,21&nbsp;%","0,04","1,00000000","320.241.955,00",2025-09-21
hr,0,HRADPLRA0006,AD PLASTIK d.d.,ADPL,-,,0001-01-01T00:00:00,01.01.0001.,-&nbsp;%,"17,45",2025-09-19T18:00:14+02:00,19.09.2025. 18:00:14,19.09.2025. 16:00:14,"1,35&nbsp;%","4.199.584,00","-3,59&nbsp;%","0,70","1,00000000","51.297.918,56",2025-09-21
hr,0,HRADRSPA0009,ADRIS GRUPA d.d.,ADRS2,-,,0001-01-01T00:00:00,01.01.0001.,-&nbsp;%,"83,00",2025-09-19T18:00:13+02:00,19.09.2025. 18:00:13,19.09.2025. 16:00:13,"10,68&nbsp;%","6.784.100,00","+3,23&nbsp;%","0,95","0,76104433","407.102.616,17",2025-09-21
hr,0,HRARNTRA0004,Arena Hospitality Group d.d.,ARNT,-,,0001-01-01T00:00:00,01.01.0001.,-&nbsp;%,"39,00",2025-09-15T17:44:34+02:00,15.09.2025. 17:44:34,15.09.2025. 15:44:34,"1,84&nbsp;%","5.128.721,00",-,"0,35","1,00000000","70.007.041,65",2025-09-21
hr,0,HRATGRRA0003,ATLANTIC GRUPA d.d.,ATGR,-,,0001-01-01T00:00:00,01.01.0001.,-&nbsp;%,"45,00",2025-09-19T18:00:13+02:00,19.09.2025. 18:00:13,19.09.2025. 16:00:13,"7,08&nbsp;%","13.337.200,00","+2,27&nbsp;%","0,45","1,00000000","270.078.300,00",2025-09-21
hr,0,HRDLKVRA0006,Dalekovod d.d.,DLKV,-,,0001-01-01T00:00:00,01.01.0001.,-&nbsp;%,"8,30",2025-09-19T17:51:43+02:00,19.09.2025. 17:51:43,19.09.2025. 15:51:43,"2,24&nbsp;%","41.247.193,00","+0,24&nbsp;%","0,25","1,00000000","85.587.925,48",2025-09-21
hr,0,HRERNTRA0000,ERICSSON NIKOLA TESLA d.d.,ERNT,-,,0001-01-01T00:00:00,01.01.0001.,-&nbsp;%,"187,50",2025-09-19T18:00:05+02:00,19.09.2025. 18:00:05,19.09.2025. 16:00:05,"3,60&nbsp;%","1.331.650,00","-0,27&nbsp;%","0,55","1,00000000","137.326.406,25",2025-09-21
hr,0,HRHPB0RA0002,HPB d.d.,HPB,-,,0001-01-01T00:00:00,01.01.0001.,-&nbsp;%,"296,00",2025-09-19T18:00:11+02:00,19.09.2025. 18:00:11,19.09.2025. 16:00:11,"4,72&nbsp;%","2.024.625,00","+1,37&nbsp;%","0,30","1,00000000","179.786.700,00",2025-09-21
hr,0,HRHT00RA0005,HT d.d.,HT,-,,0001-01-01T00:00:00,01.01.0001.,-&nbsp;%,"42,50",2025-09-19T18:00:02+02:00,19.09.2025. 18:00:02,19.09.2025. 16:00:02,"9,51&nbsp;%","78.000.000,00","+1,43&nbsp;%","0,40","0,27336938","362.487.797,88",2025-09-21
hr,0,HRIG00RA0009,ING-GRAD d.d.,IG,-,,0001-01-01T00:00:00,01.01.0001.,-&nbsp;%,"56,40",2025-09-19T18:00:09+02:00,19.09.2025. 18:00:09,19.09.2025. 16:00:09,"2,07&nbsp;%","3.990.000,00","+2,55&nbsp;%","0,35","1,00000000","78.762.600,00",2025-09-21
hr,0,HRIKBARA0008,ISTARSKA KREDITNA BANKA UMAG d.d.,IKBA,-,,0001-01-01T00:00:00,01.01.0001.,-&nbsp;%,"470,00",2025-09-19T18:00:13+02:00,19.09.2025. 18:00:13,19.09.2025. 16:00:13,"0,91&nbsp;%","148.000,00","-0,42&nbsp;%","0,50","1,00000000","34.780.000,00",2025-09-21
hr,0,HRINGRRA0001,INGRA d.d.,INGR,-,,0001-01-01T00:00:00,01.01.0001.,-&nbsp;%,"2,12",2025-09-19T18:00:08+02:00,19.09.2025. 18:00:08,19.09.2025. 16:00:08,"0,64&nbsp;%","13.545.200,00","+4,95&nbsp;%","0,85","1,00000000","24.408.450,40",2025-09-21
hr,0,HRKODTRA0007,KONCAR - DISTRIBUTIVNI I SPECIJALNI TRANSFORMATORI d.d.,KODT,-,,0001-01-01T00:00:00,01.01.0001.,-&nbsp;%,"3.790,00",2025-09-19T17:52:45+02:00,19.09.2025. 17:52:45,19.09.2025. 15:52:45,"11,47&nbsp;%","388.376,00","-0,52&nbsp;%","0,35","0,84915861","437.470.181,46",2025-09-21
hr,0,HRKOEIRA0009,KONCAR d.d.,KOEI,-,,0001-01-01T00:00:00,01.01.0001.,-&nbsp;%,"640,00",2025-09-19T18:00:11+02:00,19.09.2025. 18:00:11,19.09.2025. 16:00:11,"11,14&nbsp;%","2.572.119,00","-2,14&nbsp;%","1,00","0,25791045","424.560.876,00",2025-09-21
hr,0,HRPLAGRA0003,PLAVA LAGUNA d.d.,PLAG,-,,0001-01-01T00:00:00,01.01.0001.,-&nbsp;%,"334,00",2025-09-19T14:55:09+02:00,19.09.2025. 14:55:09,19.09.2025. 12:55:09,"3,08&nbsp;%","2.197.772,00","-1,18&nbsp;%","0,16","1,00000000","117.448.935,68",2025-09-21
hr,0,HRPODRRA0004,PODRAVKA d.d.,PODR,-,,0001-01-01T00:00:00,01.01.0001.,-&nbsp;%,"155,50",2025-09-19T18:00:08+02:00,19.09.2025. 18:00:08,19.09.2025. 16:00:08,"9,64&nbsp;%","7.120.003,00","+0,65&nbsp;%","0,80","0,41497575","367.555.795,96",2025-09-21
hr,0,HRRIVPRA0000,Valamar Riviera d.d.,RIVP,-,,0001-01-01T00:00:00,01.01.0001.,-&nbsp;%,"6,28",2025-09-19T18:00:05+02:00,19.09.2025. 18:00:05,19.09.2025. 16:00:05,"9,26&nbsp;%","126.027.542,00","+0,64&nbsp;%","0,55","0,81100146","353.028.230,02",2025-09-21
hr,0,HRSPANRA0007,SPAN d.d.,SPAN,-,,0001-01-01T00:00:00,01.01.0001.,-&nbsp;%,"58,40",2025-09-19T18:00:07+02:00,19.09.2025. 18:00:07,19.09.2025. 16:00:07,"2,10&nbsp;%","1.960.000,00","-4,26&nbsp;%","0,70","1,00000000","80.124.800,00",2025-09-21
hr,0,HRVLENRB0001,BRODOGRADILISTE VIKTOR LENAC d.d.,VLEN,-,,0001-01-01T00:00:00,01.01.0001.,-&nbsp;%,"4,58",2025-09-19T14:17:50+02:00,19.09.2025. 14:17:50,19.09.2025. 12:17:50,"0,28&nbsp;%","16.813.247,00","0,00&nbsp;%","0,14","1,00000000","10.780.653,98",2025-09-21
hr,0,HRZABARA0009,Zagrebacka banka d.d.,ZABA,-,,0001-01-01T00:00:00,01.01.0001.,-&nbsp;%,"25,00",2025-09-19T17:50:21+02:00,19.09.2025. 17:50:21,19.09.2025. 15:50:21,"8,40&nbsp;%","320.241.955,00","+1,21&nbsp;%","0,04","1,00000000","320.241.955,00",2025-09-21
hr,0,HRADPLRA0006,AD PLASTIK d.d.,ADPL,-,,0001-01-01T00:00:00,01.01.0001.,-&nbsp;%,"17,45",2025-09-19T18:00:14+02:00,19.09.2025. 18:00:14,19.09.2025. 16:00:14,"1,35&nbsp;%","4.199.584,00","-3,59&nbsp;%","0,70","1,00000000","51.297.918,56",2025-09-21
hr,0,HRADRSPA0009,ADRIS GRUPA d.d.,ADRS2,-,,0001-01-01T00:00:00,01.01.0001.,-&nbsp;%,"83,00",2025-09-19T18:00:13+02:00,19.09.2025. 18:00:13,19.09.2025. 16:00:13,"10,68&nbsp;%","6.784.100,00","+3,23&nbsp;%","0,95","0,76104433","407.102.616,17",2025-09-21
hr,0,HRARNTRA0004,Arena Hospitality Group d.d.,ARNT,-,,0001-01-01T00:00:00,01.01.0001.,-&nbsp;%,"39,00",2025-09-15T17:44:34+02:00,15.09.2025. 17:44:34,15.09.2025. 15:44:34,"1,84&nbsp;%","5.128.721,00",-,"0,35","1,00000000","70.007.041,65",2025-09-21
hr,0,HRATGRRA0003,ATLANTIC GRUPA d.d.,ATGR,-,,0001-01-01T00:00:00,01.01.0001.,-&nbsp;%,"45,00",2025-09-19T18:00:13+02:00,19.09.2025. 18:00:13,19.09.2025. 16:00:13,"7,08&nbsp;%","13.337.200,00","+2,27&nbsp;%","0,45","1,00000000","270.078.300,00",2025-09-21
hr,0,HRDLKVRA0006,Dalekovod d.d.,DLKV,-,,0001-01-01T00:00:00,01.01.0001.,-&nbsp;%,"8,30",2025-09-19T17:51:43+02:00,19.09.2025. 17:51:43,19.09.2025. 15:51:43,"2,24&nbsp;%","41.247.193,00","+0,24&nbsp;%","0,25","1,00000000","85.587.925,48",2025-09-21
hr,0,HRERNTRA0000,ERICSSON NIKOLA TESLA d.d.,ERNT,-,,0001-01-01T00:00:00,01.01.0001.,-&nbsp;%,"187,50",2025-09-19T18:00:05+02:00,19.09.2025. 18:00:05,19.09.2025. 16:00:05,"3,60&nbsp;%","1.331.650,00","-0,27&nbsp;%","0,55","1,00000000","137.326.406,25",2025-09-21
hr,0,HRHPB0RA0002,HPB d.d.,HPB,-,,0001-01-01T00:00:00,01.01.0001.,-&nbsp;%,"296,00",2025-09-19T18:00:11+02:00,19.09.2025. 18:00:11,19.09.2025. 16:00:11,"4,72&nbsp;%","2.024.625,00","+1,37&nbsp;%","0,30","1,00000000","179.786.700,00",2025-09-21
hr,0,HRHT00RA0005,HT d.d.,HT,-,,0001-01-01T00:00:00,01.01.0001.,-&nbsp;%,"42,50",2025-09-19T18:00:02+02:00,19.09.2025. 18:00:02,19.09.2025. 16:00:02,"9,51&nbsp;%","78.000.000,00","+1,43&nbsp;%","0,40","0,27336938","362.487.797,88",2025-09-21
hr,0,HRIG00RA0009,ING-GRAD d.d.,IG,-,,0001-01-01T00:00:00,01.01.0001.,-&nbsp;%,"56,40",2025-09-19T18:00:09+02:00,19.09.2025. 18:00:09,19.09.2025. 16:00:09,"2,07&nbsp;%","3.990.000,00","+2,55&nbsp;%","0,35","1,00000000","78.762.600,00",2025-09-21
hr,0,HRIKBARA0008,ISTARSKA KREDITNA BANKA UMAG d.d.,IKBA,-,,0001-01-01T00:00:00,01.01.0001.,-&nbsp;%,"470,00",2025-09-19T18:00:13+02:00,19.09.2025. 18:00:13,19.09.2025. 16:00:13,"0,91&nbsp;%","148.000,00","-0,42&nbsp;%","0,50","1,00000000","34.780.000,00",2025-09-21
hr,0,HRINGRRA0001,INGRA d.d.,INGR,-,,0001-01-01T00:00:00,01.01.0001.,-&nbsp;%,"2,12",2025-09-19T18:00:08+02:00,19.09.2025. 18:00:08,19.09.2025. 16:00:08,"0,64&nbsp;%","13.545.200,00","+4,95&nbsp;%","0,85","1,00000000","24.408.450,40",2025-09-21
hr,0,HRKODTRA0007,KONCAR - DISTRIBUTIVNI I SPECIJALNI TRANSFORMATORI d.d.,KODT,-,,0001-01-01T00:00:00,01.01.0001.,-&nbsp;%,"3.790,00",2025-09-19T17:52:45+02:00,19.09.2025. 17:52:45,19.09.2025. 15:52:45,"11,47&nbsp;%","388.376,00","-0,52&nbsp;%","0,35","0,84915861","437.470.181,46",2025-09-21
hr,0,HRKOEIRA0009,KONCAR d.d.,KOEI,-,,0001-01-01T00:00:00,01.01.0001.,-&nbsp;%,"640,00",2025-09-19T18:00:11+02:00,19.09.2025. 18:00:11,19.09.2025. 16:00:11,"11,14&nbsp;%","2.572.119,00","-2,14&nbsp;%","1,00","0,25791045","424.560.876,00",2025-09-21
hr,0,HRPLAGRA0003,PLAVA LAGUNA d.d.,PLAG,-,,0001-01-01T00:00:00,01.01.0001.,-&nbsp;%,"334,00",2025-09-19T14:55:09+02:00,19.09.2025. 14:55:09,19.09.2025. 12:55:09,"3,08&nbsp;%","2.197.772,00","-1,18&nbsp;%","0,16","1,00000000","117.448.935,68",2025-09-21
hr,0,HRPODRRA0004,PODRAVKA d.d.,PODR,-,,0001-01-01T00:00:00,01.01.0001.,-&nbsp;%,"155,50",2025-09-19T18:00:08+02:00,19.09.2025. 18:00:08,19.09.2025. 16:00:08,"9,64&nbsp;%","7.120.003,00","+0,65&nbsp;%","0,80","0,41497575","367.555.795,96",2025-09-21
hr,0,HRRIVPRA0000,Valamar Riviera d.d.,RIVP,-,,0001-01-01T00:00:00,01.01.0001.,-&nbsp;%,"6,28",2025-09-19T18:00:05+02:00,19.09.2025. 18:00:05,19.09.2025. 16:00:05,"9,26&nbsp;%","126.027.542,00","+0,64&nbsp;%","0,55","0,81100146","353.028.230,02",2025-09-21
hr,0,HRSPANRA0007,SPAN d.d.,SPAN,-,,0001-01-01T00:00:00,01.01.0001.,-&nbsp;%,"58,40",2025-09-19T18:00:07+02:00,19.09.2025. 18:00:07,19.09.2025. 16:00:07,"2,10&nbsp;%","1.960.000,00","-4,26&nbsp;%","0,70","1,00000000","80.124.800,00",2025-09-21
hr,0,HRVLENRB0001,BRODOGRADILISTE VIKTOR LENAC d.d.,VLEN,-,,0001-01-01T00:00:00,01.01.0001.,-&nbsp;%,"4,58",2025-09-19T14:17:50+02:00,19.09.2025. 14:17:50,19.09.2025. 12:17:50,"0,28&nbsp;%","16.813.247,00","0,00&nbsp;%","0,14","1,00000000","10.780.653,98",2025-09-21
hr,0,HRZABARA0009,Zagrebacka banka d.d.,ZABA,-,,0001-01-01T00:00:00,01.01.0001.,-&nbsp;%,"25,00",2025-09-19T17:50:21+02:00,19.09.2025. 17:50:21,19.09.2025. 15:50:21,"8,40&nbsp;%","320.241.955,00","+1,21&nbsp;%","0,04","1,00000000","320.241.955,00",2025-09-21
hr,0,HRADPLRA0006,AD PLASTIK d.d.,ADPL,-,,0001-01-01T00:00:00,01.01.0001.,-&nbsp;%,"17,90",2025-10-03T18:00:14+02:00,03.10.2025. 18:00:14,03.10.2025. 16:00:14,"1,36&nbsp;%","4.199.584,00","+0,56&nbsp;%","0,70","1,00000000","52.620.787,52",2025-10-05
hr,0,HRADRSPA0009,ADRIS GRUPA d.d.,ADRS2,-,,0001-01-01T00:00:00,01.01.0001.,-&nbsp;%,"79,40",2025-10-03T17:44:59+02:00,03.10.2025. 17:44:59,03.10.2025. 15:44:59,"9,72&nbsp;%","6.784.100,00","-1,00&nbsp;%","0,95","0,73725141","377.269.729,33",2025-10-05
hr,0,HRARNTRA0004,Arena Hospitality Group d.d.,ARNT,-,,0001-01-01T00:00:00,01.01.0001.,-&nbsp;%,"38,80",2025-10-03T17:43:57+02:00,03.10.2025. 17:43:57,03.10.2025. 15:43:57,"1,79&nbsp;%","5.128.721,00","0,00&nbsp;%","0,35","1,00000000","69.648.031,18",2025-10-05
hr,0,HRATGRRA0003,ATLANTIC GRUPA d.d.,ATGR,-,,0001-01-01T00:00:00,01.01.0001.,-&nbsp;%,"45,00",2025-10-03T18:00:12+02:00,03.10.2025. 18:00:12,03.10.2025. 16:00:12,"6,96&nbsp;%","13.337.200,00","+2,27&nbsp;%","0,45","1,00000000","270.078.300,00",2025-10-05
hr,0,HRDDJHRA0007,DURO DAKOVIC GRUPA d.d.,DDJH,-,,0001-01-01T00:00:00,01.01.0001.,-&nbsp;%,"60,50",2025-10-01T15:41:32+02:00,01.10.2025. 15:41:32,01.10.2025. 13:41:32,"0,08&nbsp;%","101.532,00",-,"0,50","1,00000000","3.071.343,00",2025-10-05
hr,0,HRDLKVRA0006,Dalekovod d.d.,DLKV,-,,0001-01-01T00:00:00,01.01.0001.,-&nbsp;%,"8,28",2025-10-03T17:09:58+02:00,03.10.2025. 17:09:58,03.10.2025. 15:09:58,"2,20&nbsp;%","41.247.193,00","0,00&nbsp;%","0,25","1,00000000","85.381.689,51",2025-10-05
hr,0,HRERNTRA0000,ERICSSON NIKOLA TESLA d.d.,ERNT,-,,0001-01-01T00:00:00,01.01.0001.,-&nbsp;%,"195,50",2025-10-03T17:21:54+02:00,03.10.2025. 17:21:54,03.10.2025. 15:21:54,"3,69&nbsp;%","1.331.650,00","+2,36&nbsp;%","0,55","1,00000000","143.185.666,25",2025-10-05
hr,0,HRHPB0RA0002,HPB d.d.,HPB,-,,0001-01-01T00:00:00,01.01.0001.,-&nbsp;%,"304,00",2025-10-02T15:54:05+02:00,02.10.2025. 15:54:05,02.10.2025. 13:54:05,"4,76&nbsp;%","2.024.625,00",-,"0,30","1,00000000","184.645.800,00",2025-10-05
hr,0,HRHT00RA0005,HT d.d.,HT,-,,0001-01-01T00:00:00,01.01.0001.,-&nbsp;%,"43,60",2025-10-03T17:52:16+02:00,03.10.2025. 17:52:16,03.10.2025. 15:52:16,"10,44&nbsp;%","78.000.000,00","+0,46&nbsp;%","0,40","0,29796245","405.324.279,98",2025-10-05
hr,0,HRIG00RA0009,ING-GRAD d.d.,IG,-,,0001-01-01T00:00:00,01.01.0001.,-&nbsp;%,"55,40",2025-10-03T16:47:50+02:00,03.10.2025. 16:47:50,03.10.2025. 14:47:50,"1,99&nbsp;%","3.990.000,00","-0,36&nbsp;%","0,35","1,00000000","77.366.100,00",2025-10-05
hr,0,HRINGRRA0001,INGRA d.d.,INGR,-,,0001-01-01T00:00:00,01.01.0001.,-&nbsp;%,"2,14",2025-10-03T18:00:15+02:00,03.10.2025. 18:00:15,03.10.2025. 16:00:15,"0,63&nbsp;%","13.545.200,00","+3,88&nbsp;%","0,85","1,00000000","24.638.718,80",2025-10-05
hr,0,HRKODTRA0007,KONCAR - DISTRIBUTIVNI I SPECIJALNI TRANSFORMATORI d.d.,KODT,-,,0001-01-01T00:00:00,01.01.0001.,-&nbsp;%,"3.680,00",2025-10-03T18:00:10+02:00,03.10.2025. 18:00:10,03.10.2025. 16:00:10,"9,47&nbsp;%","388.376,00","-0,54&nbsp;%","0,35","0,73541980","367.877.787,52",2025-10-05
hr,0,HRKOEIRA0009,KONCAR d.d.,KOEI,-,,0001-01-01T00:00:00,01.01.0001.,-&nbsp;%,"678,00",2025-10-03T18:00:09+02:00,03.10.2025. 18:00:09,03.10.2025. 16:00:09,"9,44&nbsp;%","2.572.119,00","-0,29&nbsp;%","1,00","0,21015776","366.493.420,36",2025-10-05
hr,0,HRPLAGRA0003,PLAVA LAGUNA d.d.,PLAG,-,,0001-01-01T00:00:00,01.01.0001.,-&nbsp;%,"334,00",2025-10-03T13:50:56+02:00,03.10.2025. 13:50:56,03.10.2025. 11:50:56,"3,02&nbsp;%","2.197.772,00","0,00&nbsp;%","0,16","1,00000000","117.448.935,68",2025-10-05
hr,0,HRPODRRA0004,PODRAVKA d.d.,PODR,-,,0001-01-01T00:00:00,01.01.0001.,-&nbsp;%,"152,00",2025-10-03T17:35:03+02:00,03.10.2025. 17:35:03,03.10.2025. 15:35:03,"9,98&nbsp;%","7.120.003,00","-0,98&nbsp;%","0,80","0,44747561","387.420.966,57",2025-10-05
hr,0,HRRIVPRA0000,Valamar Riviera d.d.,RIVP,-,,0001-01-01T00:00:00,01.01.0001.,-&nbsp;%,"6,26",2025-10-03T17:51:52+02:00,03.10.2025. 17:51:52,03.10.2025. 15:51:52,"9,98&nbsp;%","126.027.542,00","0,00&nbsp;%","0,55","0,89268438","387.347.203,04",2025-10-05
hr,0,HRSPANRA0007,SPAN d.d.,SPAN,-,,0001-01-01T00:00:00,01.01.0001.,-&nbsp;%,"66,20",2025-10-03T17:35:33+02:00,03.10.2025. 17:35:33,03.10.2025. 15:35:33,"2,34&nbsp;%","1.960.000,00","+3,12&nbsp;%","0,70","1,00000000","90.826.400,00",2025-10-05
hr,0,HRVLENRB0001,BRODOGRADILISTE VIKTOR LENAC d.d.,VLEN,-,,0001-01-01T00:00:00,01.01.0001.,-&nbsp;%,"4,20",2025-10-03T14:50:15+02:00,03.10.2025. 14:50:15,03.10.2025. 12:50:15,"0,25&nbsp;%","16.813.247,00","-2,78&nbsp;%","0,14","1,00000000","9.886.189,24",2025-10-05
hr,0,HRZABARA0009,Zagrebacka banka d.d.,ZABA,-,,0001-01-01T00:00:00,01.01.0001.,-&nbsp;%,"24,00",2025-10-03T17:44:10+02:00,03.10.2025. 17:44:10,03.10.2025. 15:44:10,"7,92&nbsp;%","320.241.955,00","-0,41&nbsp;%","0,04","1,00000000","307.432.276,80",2025-10-05
hr,0,HRZTOSRB0002,ZITO d.d.,ZITO,-,,0001-01-01T00:00:00,01.01.0001.,-&nbsp;%,"20,20",2025-10-03T17:20:41+02:00,03.10.2025. 17:20:41,03.10.2025. 15:20:41,"4,00&nbsp;%","25.607.675,00","-0,98&nbsp;%","0,30","1,00000000","155.182.510,50",2025-10-05
hr,0,HRADPLRA0006,AD PLASTIK d.d.,ADPL,-,,0001-01-01T00:00:00,01.01.0001.,-&nbsp;%,"17,90",2025-10-07T17:22:13+02:00,17:22:13,07.10.2025. 15:22:13,"1,37&nbsp;%","4.199.584,00","+1,13&nbsp;%","0,70","1,00000000","52.620.787,52",2025-10-07
hr,0,HRADRSPA0009,ADRIS GRUPA d.d.,ADRS2,-,,0001-01-01T00:00:00,01.01.0001.,-&nbsp;%,"79,00",2025-10-07T15:51:40+02:00,15:51:40,07.10.2025. 13:51:40,"9,74&nbsp;%","6.784.100,00","+0,51&nbsp;%","0,95","0,73725141","375.369.126,16",2025-10-07
hr,0,HRARNTRA0004,Arena Hospitality Group d.d.,ARNT,-,,0001-01-01T00:00:00,01.01.0001.,-&nbsp;%,"39,00",2025-10-07T12:41:15+02:00,12:41:15,07.10.2025. 10:41:15,"1,82&nbsp;%","5.128.721,00","+0,52&nbsp;%","0,35","1,00000000","70.007.041,65",2025-10-07
hr,0,HRATGRRA0003,ATLANTIC GRUPA d.d.,ATGR,-,,0001-01-01T00:00:00,01.01.0001.,-&nbsp;%,"44,60",2025-10-07T17:16:04+02:00,17:16:04,07.10.2025. 15:16:04,"6,95&nbsp;%","13.337.200,00","-1,33&nbsp;%","0,45","1,00000000","267.677.604,00",2025-10-07
hr,0,HRDDJHRA0007,DURO DAKOVIC GRUPA d.d.,DDJH,-,,0001-01-01T00:00:00,01.01.0001.,-&nbsp;%,"62,00",2025-10-06T12:40:58+02:00,06.10.2025. 12:40:58,06.10.2025. 10:40:58,"0,08&nbsp;%","101.532,00",-,"0,50","1,00000000","3.147.492,00",2025-10-07
hr,0,HRDLKVRA0006,Dalekovod d.d.,DLKV,-,,0001-01-01T00:00:00,01.01.0001.,-&nbsp;%,"8,30",2025-10-07T16:07:58+02:00,16:07:58,07.10.2025. 14:07:58,"2,22&nbsp;%","41.247.193,00","+2,47&nbsp;%","0,25","1,00000000","85.587.925,48",2025-10-07
hr,0,HRERNTRA0000,ERICSSON NIKOLA TESLA d.d.,ERNT,-,,0001-01-01T00:00:00,01.01.0001.,-&nbsp;%,"197,00",2025-10-07T17:40:07+02:00,17:40:07,07.10.2025. 15:40:07,"3,74&nbsp;%","1.331.650,00","-1,50&nbsp;%","0,55","1,00000000","144.284.277,50",2025-10-07
hr,0,HRHPB0RA0002,HPB d.d.,HPB,-,,0001-01-01T00:00:00,01.01.0001.,-&nbsp;%,"310,00",2025-10-07T17:27:06+02:00,17:27:06,07.10.2025. 15:27:06,"4,89&nbsp;%","2.024.625,00","+3,33&nbsp;%","0,30","1,00000000","188.290.125,00",2025-10-07
hr,0,HRHT00RA0005,HT d.d.,HT,-,,0001-01-01T00:00:00,01.01.0001.,-&nbsp;%,"43,00",2025-10-07T17:48:49+02:00,17:48:49,07.10.2025. 15:48:49,"10,37&nbsp;%","78.000.000,00","-1,15&nbsp;%","0,40","0,29796245","399.746.422,92",2025-10-07
hr,0,HRIG00RA0009,ING-GRAD d.d.,IG,-,,0001-01-01T00:00:00,01.01.0001.,-&nbsp;%,"56,20",2025-10-07T15:52:57+02:00,15:52:57,07.10.2025. 13:52:57,"2,04&nbsp;%","3.990.000,00","+2,18&nbsp;%","0,35","1,00000000","78.483.300,00",2025-10-07
hr,0,HRINGRRA0001,INGRA d.d.,INGR,-,,0001-01-01T00:00:00,01.01.0001.,-&nbsp;%,"2,12",2025-10-07T18:00:14+02:00,18:00:14,07.10.2025. 16:00:14,"0,63&nbsp;%","13.545.200,00","0,00&nbsp;%","0,85","1,00000000","24.408.450,40",2025-10-07
hr,0,HRKODTRA0007,KONCAR - DISTRIBUTIVNI I SPECIJALNI TRANSFORMATORI d.d.,KODT,-,,0001-01-01T00:00:00,01.01.0001.,-&nbsp;%,"3.690,00",2025-10-07T17:46:32+02:00,17:46:32,07.10.2025. 15:46:32,"9,57&nbsp;%","388.376,00","+0,82&nbsp;%","0,35","0,73541980","368.877.455,42",2025-10-07
hr,0,HRKOEIRA0009,KONCAR d.d.,KOEI,-,,0001-01-01T00:00:00,01.01.0001.,-&nbsp;%,"650,00",2025-10-07T18:00:03+02:00,18:00:03,07.10.2025. 16:00:03,"9,12&nbsp;%","2.572.119,00","-2,11&nbsp;%","1,00","0,21015776","351.357.998,87",2025-10-07
hr,0,HRPLAGRA0003,PLAVA LAGUNA d.d.,PLAG,-,,0001-01-01T00:00:00,01.01.0001.,-&nbsp;%,"326,00",2025-10-07T17:46:55+02:00,17:46:55,07.10.2025. 15:46:55,"2,98&nbsp;%","2.197.772,00","-1,21&nbsp;%","0,16","1,00000000","114.635.787,52",2025-10-07
hr,0,HRPODRRA0004,PODRAVKA d.d.,PODR,-,,0001-01-01T00:00:00,01.01.0001.,-&nbsp;%,"152,00",2025-10-07T17:42:43+02:00,17:42:43,07.10.2025. 15:42:43,"10,05&nbsp;%","7.120.003,00","0,00&nbsp;%","0,80","0,44747561","387.420.966,57",2025-10-07
hr,0,HRRIVPRA0000,Valamar Riviera d.d.,RIVP,-,,0001-01-01T00:00:00,01.01.0001.,-&nbsp;%,"6,16",2025-10-07T17:52:18+02:00,17:52:18,07.10.2025. 15:52:18,"9,89&nbsp;%","126.027.542,00","-1,28&nbsp;%","0,55","0,89268438","381.159.548,04",2025-10-07
hr,0,HRSPANRA0007,SPAN d.d.,SPAN,-,,0001-01-01T00:00:00,01.01.0001.,-&nbsp;%,"64,00",2025-10-07T17:53:40+02:00,17:53:40,07.10.2025. 15:53:40,"2,28&nbsp;%","1.960.000,00","-1,23&nbsp;%","0,70","1,00000000","87.808.000,00",2025-10-07
hr,0,HRVLENRB0001,BRODOGRADILISTE VIKTOR LENAC d.d.,VLEN,-,,0001-01-01T00:00:00,01.01.0001.,-&nbsp;%,"4,40",2025-10-07T17:27:19+02:00,17:27:19,07.10.2025. 15:27:19,"0,27&nbsp;%","16.813.247,00","+0,46&nbsp;%","0,14","1,00000000","10.356.960,15",2025-10-07
hr,0,HRZABARA0009,Zagrebacka banka d.d.,ZABA,-,,0001-01-01T00:00:00,01.01.0001.,-&nbsp;%,"24,00",2025-10-07T17:26:56+02:00,17:26:56,07.10.2025. 15:26:56,"7,98&nbsp;%","320.241.955,00","-0,41&nbsp;%","0,04","1,00000000","307.432.276,80",2025-10-07
hr,0,HRZTOSRB0002,ZITO d.d.,ZITO,-,,0001-01-01T00:00:00,01.01.0001.,-&nbsp;%,"20,10",2025-10-07T16:10:19+02:00,16:10:19,07.10.2025. 14:10:19,"4,01&nbsp;%","25.607.675,00","+0,50&nbsp;%","0,30","1,00000000","154.414.280,25",2025-10-07
hr,0,HRADPLRA0006,AD PLASTIK d.d.,ADPL,-,,0001-01-01T00:00:00,01.01.0001.,-&nbsp;%,"17,90",2025-10-08T17:50:23+02:00,17:50:23,08.10.2025. 15:50:23,"1,37&nbsp;%","4.199.584,00","0,00&nbsp;%","0,70","1,00000000","52.620.787,52",2025-10-08
hr,0,HRADRSPA0009,ADRIS GRUPA d.d.,ADRS2,-,,0001-01-01T00:00:00,01.01.0001.,-&nbsp;%,"79,20",2025-10-08T17:43:29+02:00,17:43:29,08.10.2025. 15:43:29,"9,81&nbsp;%","6.784.100,00","+0,25&nbsp;%","0,95","0,73725141","376.319.427,74",2025-10-08
hr,0,HRARNTRA0004,Arena Hospitality Group d.d.,ARNT,-,,0001-01-01T00:00:00,01.01.0001.,-&nbsp;%,"39,00",2025-10-08T11:30:12+02:00,11:30:12,08.10.2025. 09:30:12,"1,83&nbsp;%","5.128.721,00","0,00&nbsp;%","0,35","1,00000000","70.007.041,65",2025-10-08
hr,0,HRATGRRA0003,ATLANTIC GRUPA d.d.,ATGR,-,,0001-01-01T00:00:00,01.01.0001.,-&nbsp;%,"43,80",2025-10-08T13:38:34+02:00,13:38:34,08.10.2025. 11:38:34,"6,85&nbsp;%","13.337.200,00","-1,79&nbsp;%","0,45","1,00000000","262.876.212,00",2025-10-08
hr,0,HRDDJHRA0007,DURO DAKOVIC GRUPA d.d.,DDJH,-,,0001-01-01T00:00:00,01.01.0001.,-&nbsp;%,"57,00",2025-10-08T13:06:01+02:00,13:06:01,08.10.2025. 11:06:01,"0,08&nbsp;%","101.532,00","-8,06&nbsp;%","0,50","1,00000000","2.893.662,00",2025-10-08
hr,0,HRDLKVRA0006,Dalekovod d.d.,DLKV,-,,0001-01-01T00:00:00,01.01.0001.,-&nbsp;%,"8,26",2025-10-08T17:48:28+02:00,17:48:28,08.10.2025. 15:48:28,"2,22&nbsp;%","41.247.193,00","-0,48&nbsp;%","0,25","1,00000000","85.175.453,55",2025-10-08
hr,0,HRERNTRA0000,ERICSSON NIKOLA TESLA d.d.,ERNT,-,,0001-01-01T00:00:00,01.01.0001.,-&nbsp;%,"194,00",2025-10-08T16:51:18+02:00,16:51:18,08.10.2025. 14:51:18,"3,70&nbsp;%","1.331.650,00","-1,52&nbsp;%","0,55","1,00000000","142.087.055,00",2025-10-08
hr,0,HRHPB0RA0002,HPB d.d.,HPB,-,,0001-01-01T00:00:00,01.01.0001.,-&nbsp;%,"304,00",2025-10-08T14:28:11+02:00,14:28:11,08.10.2025. 12:28:11,"4,81&nbsp;%","2.024.625,00","-1,94&nbsp;%","0,30","1,00000000","184.645.800,00",2025-10-08
hr,0,HRHT00RA0005,HT d.d.,HT,-,,0001-01-01T00:00:00,01.01.0001.,-&nbsp;%,"43,00",2025-10-08T17:16:12+02:00,17:16:12,08.10.2025. 15:16:12,"10,42&nbsp;%","78.000.000,00","0,00&nbsp;%","0,40","0,29796245","399.746.422,92",2025-10-08
hr,0,HRIG00RA0009,ING-GRAD d.d.,IG,-,,0001-01-01T00:00:00,01.01.0001.,-&nbsp;%,"55,60",2025-10-08T16:56:29+02:00,16:56:29,08.10.2025. 14:56:29,"2,02&nbsp;%","3.990.000,00","-1,07&nbsp;%","0,35","1,00000000","77.645.400,00",2025-10-08
hr,0,HRINGRRA0001,INGRA d.d.,INGR,-,,0001-01-01T00:00:00,01.01.0001.,-&nbsp;%,"2,08",2025-10-08T18:00:11+02:00,18:00:11,08.10.2025. 16:00:11,"0,62&nbsp;%","13.545.200,00","-1,89&nbsp;%","0,85","1,00000000","23.947.913,60",2025-10-08
hr,0,HRKODTRA0007,KONCAR - DISTRIBUTIVNI I SPECIJALNI TRANSFORMATORI d.d.,KODT,-,,0001-01-01T00:00:00,01.01.0001.,-&nbsp;%,"3.600,00",2025-10-08T17:54:35+02:00,17:54:35,08.10.2025. 15:54:35,"9,38&nbsp;%","388.376,00","-2,44&nbsp;%","0,35","0,73541980","359.880.444,31",2025-10-08
hr,0,HRKOEIRA0009,KONCAR d.d.,KOEI,-,,0001-01-01T00:00:00,01.01.0001.,-&nbsp;%,"648,00",2025-10-08T17:43:36+02:00,17:43:36,08.10.2025. 15:43:36,"9,13&nbsp;%","2.572.119,00","-0,31&nbsp;%","1,00","0,21015776","350.276.897,34",2025-10-08
hr,0,HRPLAGRA0003,PLAVA LAGUNA d.d.,PLAG,-,,0001-01-01T00:00:00,01.01.0001.,-&nbsp;%,"330,00",2025-10-08T11:43:48+02:00,11:43:48,08.10.2025. 09:43:48,"3,03&nbsp;%","2.197.772,00","+1,23&nbsp;%","0,16","1,00000000","116.042.361,60",2025-10-08
hr,0,HRPODRRA0004,PODRAVKA d.d.,PODR,-,,0001-01-01T00:00:00,01.01.0001.,-&nbsp;%,"152,00",2025-10-08T17:43:45+02:00,17:43:45,08.10.2025. 15:43:45,"10,10&nbsp;%","7.120.003,00","0,00&nbsp;%","0,80","0,44747561","387.420.966,57",2025-10-08
hr,0,HRRIVPRA0000,Valamar Riviera d.d.,RIVP,-,,0001-01-01T00:00:00,01.01.0001.,-&nbsp;%,"6,18",2025-10-08T17:43:22+02:00,17:43:22,08.10.2025. 15:43:22,"9,97&nbsp;%","126.027.542,00","+0,32&nbsp;%","0,55","0,89268438","382.397.079,04",2025-10-08
hr,0,HRSPANRA0007,SPAN d.d.,SPAN,-,,0001-01-01T00:00:00,01.01.0001.,-&nbsp;%,"64,00",2025-10-08T17:17:06+02:00,17:17:06,08.10.2025. 15:17:06,"2,29&nbsp;%","1.960.000,00","0,00&nbsp;%","0,70","1,00000000","87.808.000,00",2025-10-08
hr,0,HRVLENRB0001,BRODOGRADILISTE VIKTOR LENAC d.d.,VLEN,-,,0001-01-01T00:00:00,01.01.0001.,-&nbsp;%,"4,40",2025-10-07T17:27:19+02:00,07.10.2025. 17:27:19,07.10.2025. 15:27:19,"0,27&nbsp;%","16.813.247,00",-,"0,14","1,00000000","10.356.960,15",2025-10-08
hr,0,HRZABARA0009,Zagrebacka banka d.d.,ZABA,-,,0001-01-01T00:00:00,01.01.0001.,-&nbsp;%,"24,20",2025-10-08T17:43:51+02:00,17:43:51,08.10.2025. 15:43:51,"8,08&nbsp;%","320.241.955,00","+0,83&nbsp;%","0,04","1,00000000","309.994.212,44",2025-10-08
hr,0,HRZTOSRB0002,ZITO d.d.,ZITO,-,,0001-01-01T00:00:00,01.01.0001.,-&nbsp;%,"20,00",2025-10-08T16:52:52+02:00,16:52:52,08.10.2025. 14:52:52,"4,01&nbsp;%","25.607.675,00","-0,50&nbsp;%","0,30","1,00000000","153.646.050,00",2025-10-08
hr,0,HRADPLRA0006,AD PLASTIK d.d.,ADPL,-,,0001-01-01T00:00:00,01.01.0001.,-&nbsp;%,"17,90",2025-10-09T17:46:54+02:00,17:46:54,09.10.2025. 15:46:54,"1,37&nbsp;%","4.199.584,00","0,00&nbsp;%","0,70","1,00000000","52.620.787,52",2025-10-09
hr,0,HRADRSPA0009,ADRIS GRUPA d.d.,ADRS2,-,,0001-01-01T00:00:00,01.01.0001.,-&nbsp;%,"79,40",2025-10-09T17:39:13+02:00,17:39:13,09.10.2025. 15:39:13,"9,85&nbsp;%","6.784.100,00","+0,25&nbsp;%","0,95","0,73725141","377.269.729,33",2025-10-09
hr,0,HRARNTRA0004,Arena Hospitality Group d.d.,ARNT,-,,0001-01-01T00:00:00,01.01.0001.,-&nbsp;%,"38,80",2025-10-09T17:42:56+02:00,17:42:56,09.10.2025. 15:42:56,"1,82&nbsp;%","5.128.721,00","-0,51&nbsp;%","0,35","1,00000000","69.648.031,18",2025-10-09
hr,0,HRATGRRA0003,ATLANTIC GRUPA d.d.,ATGR,-,,0001-01-01T00:00:00,01.01.0001.,-&nbsp;%,"43,00",2025-10-09T18:00:10+02:00,18:00:10,09.10.2025. 16:00:10,"6,74&nbsp;%","13.337.200,00","-1,83&nbsp;%","0,45","1,00000000","258.074.820,00",2025-10-09
hr,0,HRDDJHRA0007,DURO DAKOVIC GRUPA d.d.,DDJH,-,,0001-01-01T00:00:00,01.01.0001.,-&nbsp;%,"57,00",2025-10-08T13:06:01+02:00,08.10.2025. 13:06:01,08.10.2025. 11:06:01,"0,08&nbsp;%","101.532,00",-,"0,50","1,00000000","2.893.662,00",2025-10-09
hr,0,HRDLKVRA0006,Dalekovod d.d.,DLKV,-,,0001-01-01T00:00:00,01.01.0001.,-&nbsp;%,"8,28",2025-10-09T15:10:08+02:00,15:10:08,09.10.2025. 13:10:08,"2,23&nbsp;%","41.247.193,00","+0,24&nbsp;%","0,25","1,00000000","85.381.689,51",2025-10-09
hr,0,HRERNTRA0000,ERICSSON NIKOLA TESLA d.d.,ERNT,-,,0001-01-01T00:00:00,01.01.0001.,-&nbsp;%,"198,50",2025-10-09T18:00:01+02:00,18:00:01,09.10.2025. 16:00:01,"3,79&nbsp;%","1.331.650,00","+2,32&nbsp;%","0,55","1,00000000","145.382.888,75",2025-10-09
hr,0,HRHPB0RA0002,HPB d.d.,HPB,-,,0001-01-01T00:00:00,01.01.0001.,-&nbsp;%,"300,00",2025-10-09T12:14:06+02:00,12:14:06,09.10.2025. 10:14:06,"4,76&nbsp;%","2.024.625,00","-1,32&nbsp;%","0,30","1,00000000","182.216.250,00",2025-10-09
hr,0,HRHT00RA0005,HT d.d.,HT,-,,0001-01-01T00:00:00,01.01.0001.,-&nbsp;%,"42,30",2025-10-09T17:49:59+02:00,17:49:59,09.10.2025. 15:49:59,"10,26&nbsp;%","78.000.000,00","-1,63&nbsp;%","0,40","0,29796245","393.238.923,01",2025-10-09
hr,0,HRIG00RA0009,ING-GRAD d.d.,IG,-,,0001-01-01T00:00:00,01.01.0001.,-&nbsp;%,"56,00",2025-10-09T16:13:59+02:00,16:13:59,09.10.2025. 14:13:59,"2,04&nbsp;%","3.990.000,00","+0,72&nbsp;%","0,35","1,00000000","78.204.000,00",2025-10-09
hr,0,HRINGRRA0001,INGRA d.d.,INGR,-,,0001-01-01T00:00:00,01.01.0001.,-&nbsp;%,"2,08",2025-10-08T18:00:11+02:00,08.10.2025. 18:00:11,08.10.2025. 16:00:11,"0,63&nbsp;%","13.545.200,00",-,"0,85","1,00000000","23.947.913,60",2025-10-09
hr,0,HRKODTRA0007,KONCAR - DISTRIBUTIVNI I SPECIJALNI TRANSFORMATORI d.d.,KODT,-,,0001-01-01T00:00:00,01.01.0001.,-&nbsp;%,"3.600,00",2025-10-09T17:48:30+02:00,17:48:30,09.10.2025. 15:48:30,"9,39&nbsp;%","388.376,00","0,00&nbsp;%","0,35","0,73541980","359.880.444,31",2025-10-09
hr,0,HRKOEIRA0009,KONCAR d.d.,KOEI,-,,0001-01-01T00:00:00,01.01.0001.,-&nbsp;%,"644,00",2025-10-09T17:50:09+02:00,17:50:09,09.10.2025. 15:50:09,"9,09&nbsp;%","2.572.119,00","-0,62&nbsp;%","1,00","0,21015776","348.114.694,27",2025-10-09
hr,0,HRPLAGRA0003,PLAVA LAGUNA d.d.,PLAG,-,,0001-01-01T00:00:00,01.01.0001.,-&nbsp;%,"328,00",2025-10-09T15:20:55+02:00,15:20:55,09.10.2025. 13:20:55,"3,01&nbsp;%","2.197.772,00","-0,61&nbsp;%","0,16","1,00000000","115.339.074,56",2025-10-09
hr,0,HRPODRRA0004,PODRAVKA d.d.,PODR,-,,0001-01-01T00:00:00,01.01.0001.,-&nbsp;%,"151,00",2025-10-09T15:21:59+02:00,15:21:59,09.10.2025. 13:21:59,"10,05&nbsp;%","7.120.003,00","-0,66&nbsp;%","0,80","0,44747561","384.872.144,42",2025-10-09
hr,0,HRRIVPRA0000,Valamar Riviera d.d.,RIVP,-,,0001-01-01T00:00:00,01.01.0001.,-&nbsp;%,"6,18",2025-10-09T16:40:27+02:00,16:40:27,09.10.2025. 14:40:27,"9,98&nbsp;%","126.027.542,00","0,00&nbsp;%","0,55","0,89268438","382.397.079,04",2025-10-09
hr,0,HRSPANRA0007,SPAN d.d.,SPAN,-,,0001-01-01T00:00:00,01.01.0001.,-&nbsp;%,"64,00",2025-10-09T14:55:23+02:00,14:55:23,09.10.2025. 12:55:23,"2,29&nbsp;%","1.960.000,00","0,00&nbsp;%","0,70","1,00000000","87.808.000,00",2025-10-09
hr,0,HRVLENRB0001,BRODOGRADILISTE VIKTOR LENAC d.d.,VLEN,-,,0001-01-01T00:00:00,01.01.0001.,-&nbsp;%,"4,40",2025-10-09T16:33:23+02:00,16:33:23,09.10.2025. 14:33:23,"0,27&nbsp;%","16.813.247,00","0,00&nbsp;%","0,14","1,00000000","10.356.960,15",2025-10-09
hr,0,HRZABARA0009,Zagrebacka banka d.d.,ZABA,-,,0001-01-01T00:00:00,01.01.0001.,-&nbsp;%,"24,20",2025-10-09T18:00:07+02:00,18:00:07,09.10.2025. 16:00:07,"8,09&nbsp;%","320.241.955,00","0,00&nbsp;%","0,04","1,00000000","309.994.212,44",2025-10-09
hr,0,HRZTOSRB0002,ZITO d.d.,ZITO,-,,0001-01-01T00:00:00,01.01.0001.,-&nbsp;%,"21,30",2025-10-09T18:00:13+02:00,18:00:13,09.10.2025. 16:00:13,"4,27&nbsp;%","25.607.675,00","+6,50&nbsp;%","0,30","1,00000000","163.633.043,25",2025-10-09
hr,0,HRADPLRA0006,AD PLASTIK d.d.,ADPL,-,,0001-01-01T00:00:00,01.01.0001.,-&nbsp;%,"17,90",2025-10-10T16:59:49+02:00,16:59:49,10.10.2025. 14:59:49,"1,38&nbsp;%","4.199.584,00","0,00&nbsp;%","0,70","1,00000000","52.620.787,52",2025-10-10
hr,0,HRADRSPA0009,ADRIS GRUPA d.d.,ADRS2,-,,0001-01-01T00:00:00,01.01.0001.,-&nbsp;%,"79,40",2025-10-10T17:06:26+02:00,17:06:26,10.10.2025. 15:06:26,"9,89&nbsp;%","6.784.100,00","0,00&nbsp;%","0,95","0,73725141","377.269.729,33",2025-10-10
hr,0,HRARNTRA0004,Arena Hospitality Group d.d.,ARNT,-,,0001-01-01T00:00:00,01.01.0001.,-&nbsp;%,"38,80",2025-10-10T17:20:41+02:00,17:20:41,10.10.2025. 15:20:41,"1,83&nbsp;%","5.128.721,00","0,00&nbsp;%","0,35","1,00000000","69.648.031,18",2025-10-10
hr,0,HRATGRRA0003,ATLANTIC GRUPA d.d.,ATGR,-,,0001-01-01T00:00:00,01.01.0001.,-&nbsp;%,"43,00",2025-10-10T16:20:48+02:00,16:20:48,10.10.2025. 14:20:48,"6,76&nbsp;%","13.337.200,00","0,00&nbsp;%","0,45","1,00000000","258.074.820,00",2025-10-10
hr,0,HRDDJHRA0007,DURO DAKOVIC GRUPA d.d.,DDJH,-,,0001-01-01T00:00:00,01.01.0001.,-&nbsp;%,"61,50",2025-10-10T17:10:51+02:00,17:10:51,10.10.2025. 15:10:51,"0,08&nbsp;%","101.532,00","+7,89&nbsp;%","0,50","1,00000000","3.122.109,00",2025-10-10
hr,0,HRDLKVRA0006,Dalekovod d.d.,DLKV,-,,0001-01-01T00:00:00,01.01.0001.,-&nbsp;%,"8,22",2025-10-10T17:17:54+02:00,17:17:54,10.10.2025. 15:17:54,"2,22&nbsp;%","41.247.193,00","-0,72&nbsp;%","0,25","1,00000000","84.762.981,62",2025-10-10
hr,0,HRERNTRA0000,ERICSSON NIKOLA TESLA d.d.,ERNT,-,,0001-01-01T00:00:00,01.01.0001.,-&nbsp;%,"192,50",2025-10-10T17:19:11+02:00,17:19:11,10.10.2025. 15:19:11,"3,70&nbsp;%","1.331.650,00","-3,02&nbsp;%","0,55","1,00000000","140.988.443,75",2025-10-10
hr,0,HRHPB0RA0002,HPB d.d.,HPB,-,,0001-01-01T00:00:00,01.01.0001.,-&nbsp;%,"300,00",2025-10-10T17:15:30+02:00,17:15:30,10.10.2025. 15:15:30,"4,78&nbsp;%","2.024.625,00","0,00&nbsp;%","0,30","1,00000000","182.216.250,00",2025-10-10
hr,0,HRHT00RA0005,HT d.d.,HT,-,,0001-01-01T00:00:00,01.01.0001.,-&nbsp;%,"41,70",2025-10-10T17:31:21+02:00,17:31:21,10.10.2025. 15:31:21,"10,16&nbsp;%","78.000.000,00","-1,42&nbsp;%","0,40","0,29796245","387.661.065,95",2025-10-10
hr,0,HRIG00RA0009,ING-GRAD d.d.,IG,-,,0001-01-01T00:00:00,01.01.0001.,-&nbsp;%,"55,40",2025-10-10T17:45:42+02:00,17:45:42,10.10.2025. 15:45:42,"2,03&nbsp;%","3.990.000,00","-1,07&nbsp;%","0,35","1,00000000","77.366.100,00",2025-10-10
hr,0,HRINGRRA0001,INGRA d.d.,INGR,-,,0001-01-01T00:00:00,01.01.0001.,-&nbsp;%,"2,14",2025-10-10T18:00:06+02:00,18:00:06,10.10.2025. 16:00:06,"0,65&nbsp;%","13.545.200,00","+2,88&nbsp;%","0,85","1,00000000","24.638.718,80",2025-10-10
hr,0,HRKODTRA0007,KONCAR - DISTRIBUTIVNI I SPECIJALNI TRANSFORMATORI d.d.,KODT,-,,0001-01-01T00:00:00,01.01.0001.,-&nbsp;%,"3.600,00",2025-10-10T17:30:57+02:00,17:30:57,10.10.2025. 15:30:57,"9,43&nbsp;%","388.376,00","0,00&nbsp;%","0,35","0,73541980","359.880.444,31",2025-10-10
hr,0,HRKOEIRA0009,KONCAR d.d.,KOEI,-,,0001-01-01T00:00:00,01.01.0001.,-&nbsp;%,"650,00",2025-10-10T17:53:21+02:00,17:53:21,10.10.2025. 15:53:21,"9,21&nbsp;%","2.572.119,00","+0,93&nbsp;%","1,00","0,21015776","351.357.998,87",2025-10-10
hr,0,HRPLAGRA0003,PLAVA LAGUNA d.d.,PLAG,-,,0001-01-01T00:00:00,01.01.0001.,-&nbsp;%,"332,00",2025-10-10T15:51:29+02:00,15:51:29,10.10.2025. 13:51:29,"3,06&nbsp;%","2.197.772,00","+1,22&nbsp;%","0,16","1,00000000","116.745.648,64",2025-10-10
hr,0,HRPODRRA0004,PODRAVKA d.d.,PODR,-,,0001-01-01T00:00:00,01.01.0001.,-&nbsp;%,"152,00",2025-10-10T15:34:51+02:00,15:34:51,10.10.2025. 13:34:51,"10,15&nbsp;%","7.120.003,00","+0,66&nbsp;%","0,80","0,44747561","387.420.966,57",2025-10-10
hr,0,HRRIVPRA0000,Valamar Riviera d.d.,RIVP,-,,0001-01-01T00:00:00,01.01.0001.,-&nbsp;%,"6,18",2025-10-10T17:10:33+02:00,17:10:33,10.10.2025. 15:10:33,"10,02&nbsp;%","126.027.542,00","0,00&nbsp;%","0,55","0,89268438","382.397.079,04",2025-10-10
hr,0,HRSPANRA0007,SPAN d.d.,SPAN,-,,0001-01-01T00:00:00,01.01.0001.,-&nbsp;%,"64,40",2025-10-10T17:53:10+02:00,17:53:10,10.10.2025. 15:53:10,"2,32&nbsp;%","1.960.000,00","+0,63&nbsp;%","0,70","1,00000000","88.356.800,00",2025-10-10
hr,0,HRVLENRB0001,BRODOGRADILISTE VIKTOR LENAC d.d.,VLEN,-,,0001-01-01T00:00:00,01.01.0001.,-&nbsp;%,"4,24",2025-10-10T17:28:57+02:00,17:28:57,10.10.2025. 15:28:57,"0,26&nbsp;%","16.813.247,00","-3,64&nbsp;%","0,14","1,00000000","9.980.343,42",2025-10-10
hr,0,HRZABARA0009,Zagrebacka banka d.d.,ZABA,-,,0001-01-01T00:00:00,01.01.0001.,-&nbsp;%,"24,00",2025-10-10T17:38:22+02:00,17:38:22,10.10.2025. 15:38:22,"8,06&nbsp;%","320.241.955,00","-0,83&nbsp;%","0,04","1,00000000","307.432.276,80",2025-10-10
hr,0,HRZTOSRB0002,ZITO d.d.,ZITO,-,,0001-01-01T00:00:00,01.01.0001.,-&nbsp;%,"20,00",2025-10-10T18:00:04+02:00,18:00:04,10.10.2025. 16:00:04,"4,03&nbsp;%","25.607.675,00","-6,10&nbsp;%","0,30","1,00000000","153.646.050,00",2025-10-10
hr,0,HRADPLRA0006,AD PLASTIK d.d.,ADPL,-,,0001-01-01T00:00:00,01.01.0001.,-&nbsp;%,"17,90",2025-10-10T16:59:49+02:00,10.10.2025. 16:59:49,10.10.2025. 14:59:49,"1,38&nbsp;%","4.199.584,00","0,00&nbsp;%","0,70","1,00000000","52.620.787,52",2025-10-11
hr,0,HRADRSPA0009,ADRIS GRUPA d.d.,ADRS2,-,,0001-01-01T00:00:00,01.01.0001.,-&nbsp;%,"79,40",2025-10-10T17:06:26+02:00,10.10.2025. 17:06:26,10.10.2025. 15:06:26,"9,89&nbsp;%","6.784.100,00","0,00&nbsp;%","0,95","0,73725141","377.269.729,33",2025-10-11
hr,0,HRARNTRA0004,Arena Hospitality Group d.d.,ARNT,-,,0001-01-01T00:00:00,01.01.0001.,-&nbsp;%,"38,80",2025-10-10T17:20:41+02:00,10.10.2025. 17:20:41,10.10.2025. 15:20:41,"1,83&nbsp;%","5.128.721,00","0,00&nbsp;%","0,35","1,00000000","69.648.031,18",2025-10-11
hr,0,HRATGRRA0003,ATLANTIC GRUPA d.d.,ATGR,-,,0001-01-01T00:00:00,01.01.0001.,-&nbsp;%,"43,00",2025-10-10T16:20:48+02:00,10.10.2025. 16:20:48,10.10.2025. 14:20:48,"6,76&nbsp;%","13.337.200,00","0,00&nbsp;%","0,45","1,00000000","258.074.820,00",2025-10-11
hr,0,HRDDJHRA0007,DURO DAKOVIC GRUPA d.d.,DDJH,-,,0001-01-01T00:00:00,01.01.0001.,-&nbsp;%,"61,50",2025-10-10T17:10:51+02:00,10.10.2025. 17:10:51,10.10.2025. 15:10:51,"0,08&nbsp;%","101.532,00","+7,89&nbsp;%","0,50","1,00000000","3.122.109,00",2025-10-11
hr,0,HRDLKVRA0006,Dalekovod d.d.,DLKV,-,,0001-01-01T00:00:00,01.01.0001.,-&nbsp;%,"8,22",2025-10-10T17:17:54+02:00,10.10.2025. 17:17:54,10.10.2025. 15:17:54,"2,22&nbsp;%","41.247.193,00","-0,72&nbsp;%","0,25","1,00000000","84.762.981,62",2025-10-11
hr,0,HRERNTRA0000,ERICSSON NIKOLA TESLA d.d.,ERNT,-,,0001-01-01T00:00:00,01.01.0001.,-&nbsp;%,"192,50",2025-10-10T17:19:11+02:00,10.10.2025. 17:19:11,10.10.2025. 15:19:11,"3,70&nbsp;%","1.331.650,00","-3,02&nbsp;%","0,55","1,00000000","140.988.443,75",2025-10-11
hr,0,HRHPB0RA0002,HPB d.d.,HPB,-,,0001-01-01T00:00:00,01.01.0001.,-&nbsp;%,"300,00",2025-10-10T17:15:30+02:00,10.10.2025. 17:15:30,10.10.2025. 15:15:30,"4,78&nbsp;%","2.024.625,00","0,00&nbsp;%","0,30","1,00000000","182.216.250,00",2025-10-11
hr,0,HRHT00RA0005,HT d.d.,HT,-,,0001-01-01T00:00:00,01.01.0001.,-&nbsp;%,"41,70",2025-10-10T17:31:21+02:00,10.10.2025. 17:31:21,10.10.2025. 15:31:21,"10,16&nbsp;%","78.000.000,00","-1,42&nbsp;%","0,40","0,29796245","387.661.065,95",2025-10-11
hr,0,HRIG00RA0009,ING-GRAD d.d.,IG,-,,0001-01-01T00:00:00,01.01.0001.,-&nbsp;%,"55,40",2025-10-10T17:45:42+02:00,10.10.2025. 17:45:42,10.10.2025. 15:45:42,"2,03&nbsp;%","3.990.000,00","-1,07&nbsp;%","0,35","1,00000000","77.366.100,00",2025-10-11
hr,0,HRINGRRA0001,INGRA d.d.,INGR,-,,0001-01-01T00:00:00,01.01.0001.,-&nbsp;%,"2,14",2025-10-10T18:00:06+02:00,10.10.2025. 18:00:06,10.10.2025. 16:00:06,"0,65&nbsp;%","13.545.200,00","+2,88&nbsp;%","0,85","1,00000000","24.638.718,80",2025-10-11
hr,0,HRKODTRA0007,KONCAR - DISTRIBUTIVNI I SPECIJALNI TRANSFORMATORI d.d.,KODT,-,,0001-01-01T00:00:00,01.01.0001.,-&nbsp;%,"3.600,00",2025-10-10T17:30:57+02:00,10.10.2025. 17:30:57,10.10.2025. 15:30:57,"9,43&nbsp;%","388.376,00","0,00&nbsp;%","0,35","0,73541980","359.880.444,31",2025-10-11
hr,0,HRKOEIRA0009,KONCAR d.d.,KOEI,-,,0001-01-01T00:00:00,01.01.0001.,-&nbsp;%,"650,00",2025-10-10T17:53:21+02:00,10.10.2025. 17:53:21,10.10.2025. 15:53:21,"9,21&nbsp;%","2.572.119,00","+0,93&nbsp;%","1,00","0,21015776","351.357.998,87",2025-10-11
hr,0,HRPLAGRA0003,PLAVA LAGUNA d.d.,PLAG,-,,0001-01-01T00:00:00,01.01.0001.,-&nbsp;%,"332,00",2025-10-10T15:51:29+02:00,10.10.2025. 15:51:29,10.10.2025. 13:51:29,"3,06&nbsp;%","2.197.772,00","+1,22&nbsp;%","0,16","1,00000000","116.745.648,64",2025-10-11
hr,0,HRPODRRA0004,PODRAVKA d.d.,PODR,-,,0001-01-01T00:00:00,01.01.0001.,-&nbsp;%,"152,00",2025-10-10T15:34:51+02:00,10.10.2025. 15:34:51,10.10.2025. 13:34:51,"10,15&nbsp;%","7.120.003,00","+0,66&nbsp;%","0,80","0,44747561","387.420.966,57",2025-10-11
hr,0,HRRIVPRA0000,Valamar Riviera d.d.,RIVP,-,,0001-01-01T00:00:00,01.01.0001.,-&nbsp;%,"6,18",2025-10-10T17:10:33+02:00,10.10.2025. 17:10:33,10.10.2025. 15:10:33,"10,02&nbsp;%","126.027.542,00","0,00&nbsp;%","0,55","0,89268438","382.397.079,04",2025-10-11
hr,0,HRSPANRA0007,SPAN d.d.,SPAN,-,,0001-01-01T00:00:00,01.01.0001.,-&nbsp;%,"64,40",2025-10-10T17:53:10+02:00,10.10.2025. 17:53:10,10.10.2025. 15:53:10,"2,32&nbsp;%","1.960.000,00","+0,63&nbsp;%","0,70","1,00000000","88.356.800,00",2025-10-11
hr,0,HRVLENRB0001,BRODOGRADILISTE VIKTOR LENAC d.d.,VLEN,-,,0001-01-01T00:00:00,01.01.0001.,-&nbsp;%,"4,24",2025-10-10T17:28:57+02:00,10.10.2025. 17:28:57,10.10.2025. 15:28:57,"0,26&nbsp;%","16.813.247,00","-3,64&nbsp;%","0,14","1,00000000","9.980.343,42",2025-10-11
hr,0,HRZABARA0009,Zagrebacka banka d.d.,ZABA,-,,0001-01-01T00:00:00,01.01.0001.,-&nbsp;%,"24,00",2025-10-10T17:38:22+02:00,10.10.2025. 17:38:22,10.10.2025. 15:38:22,"8,06&nbsp;%","320.241.955,00","-0,83&nbsp;%","0,04","1,00000000","307.432.276,80",2025-10-11
hr,0,HRZTOSRB0002,ZITO d.d.,ZITO,-,,0001-01-01T00:00:00,01.01.0001.,-&nbsp;%,"20,00",2025-10-10T18:00:04+02:00,10.10.2025. 18:00:04,10.10.2025. 16:00:04,"4,03&nbsp;%","25.607.675,00","-6,10&nbsp;%","0,30","1,00000000","153.646.050,00",2025-10-11
hr,0,HRADPLRA0006,AD PLASTIK d.d.,ADPL,-,,0001-01-01T00:00:00,01.01.0001.,-&nbsp;%,"17,90",2025-10-10T16:59:49+02:00,10.10.2025. 16:59:49,10.10.2025. 14:59:49,"1,38&nbsp;%","4.199.584,00","0,00&nbsp;%","0,70","1,00000000","52.620.787,52",2025-10-12
hr,0,HRADRSPA0009,ADRIS GRUPA d.d.,ADRS2,-,,0001-01-01T00:00:00,01.01.0001.,-&nbsp;%,"79,40",2025-10-10T17:06:26+02:00,10.10.2025. 17:06:26,10.10.2025. 15:06:26,"9,89&nbsp;%","6.784.100,00","0,00&nbsp;%","0,95","0,73725141","377.269.729,33",2025-10-12
hr,0,HRARNTRA0004,Arena Hospitality Group d.d.,ARNT,-,,0001-01-01T00:00:00,01.01.0001.,-&nbsp;%,"38,80",2025-10-10T17:20:41+02:00,10.10.2025. 17:20:41,10.10.2025. 15:20:41,"1,83&nbsp;%","5.128.721,00","0,00&nbsp;%","0,35","1,00000000","69.648.031,18",2025-10-12
hr,0,HRATGRRA0003,ATLANTIC GRUPA d.d.,ATGR,-,,0001-01-01T00:00:00,01.01.0001.,-&nbsp;%,"43,00",2025-10-10T16:20:48+02:00,10.10.2025. 16:20:48,10.10.2025. 14:20:48,"6,76&nbsp;%","13.337.200,00","0,00&nbsp;%","0,45","1,00000000","258.074.820,00",2025-10-12
hr,0,HRDDJHRA0007,DURO DAKOVIC GRUPA d.d.,DDJH,-,,0001-01-01T00:00:00,01.01.0001.,-&nbsp;%,"61,50",2025-10-10T17:10:51+02:00,10.10.2025. 17:10:51,10.10.2025. 15:10:51,"0,08&nbsp;%","101.532,00","+7,89&nbsp;%","0,50","1,00000000","3.122.109,00",2025-10-12
hr,0,HRDLKVRA0006,Dalekovod d.d.,DLKV,-,,0001-01-01T00:00:00,01.01.0001.,-&nbsp;%,"8,22",2025-10-10T17:17:54+02:00,10.10.2025. 17:17:54,10.10.2025. 15:17:54,"2,22&nbsp;%","41.247.193,00","-0,72&nbsp;%","0,25","1,00000000","84.762.981,62",2025-10-12
hr,0,HRERNTRA0000,ERICSSON NIKOLA TESLA d.d.,ERNT,-,,0001-01-01T00:00:00,01.01.0001.,-&nbsp;%,"192,50",2025-10-10T17:19:11+02:00,10.10.2025. 17:19:11,10.10.2025. 15:19:11,"3,70&nbsp;%","1.331.650,00","-3,02&nbsp;%","0,55","1,00000000","140.988.443,75",2025-10-12
hr,0,HRHPB0RA0002,HPB d.d.,HPB,-,,0001-01-01T00:00:00,01.01.0001.,-&nbsp;%,"300,00",2025-10-10T17:15:30+02:00,10.10.2025. 17:15:30,10.10.2025. 15:15:30,"4,78&nbsp;%","2.024.625,00","0,00&nbsp;%","0,30","1,00000000","182.216.250,00",2025-10-12
hr,0,HRHT00RA0005,HT d.d.,HT,-,,0001-01-01T00:00:00,01.01.0001.,-&nbsp;%,"41,70",2025-10-10T17:31:21+02:00,10.10.2025. 17:31:21,10.10.2025. 15:31:21,"10,16&nbsp;%","78.000.000,00","-1,42&nbsp;%","0,40","0,29796245","387.661.065,95",2025-10-12
hr,0,HRIG00RA0009,ING-GRAD d.d.,IG,-,,0001-01-01T00:00:00,01.01.0001.,-&nbsp;%,"55,40",2025-10-10T17:45:42+02:00,10.10.2025. 17:45:42,10.10.2025. 15:45:42,"2,03&nbsp;%","3.990.000,00","-1,07&nbsp;%","0,35","1,00000000","77.366.100,00",2025-10-12
hr,0,HRINGRRA0001,INGRA d.d.,INGR,-,,0001-01-01T00:00:00,01.01.0001.,-&nbsp;%,"2,14",2025-10-10T18:00:06+02:00,10.10.2025. 18:00:06,10.10.2025. 16:00:06,"0,65&nbsp;%","13.545.200,00","+2,88&nbsp;%","0,85","1,00000000","24.638.718,80",2025-10-12
hr,0,HRKODTRA0007,KONCAR - DISTRIBUTIVNI I SPECIJALNI TRANSFORMATORI d.d.,KODT,-,,0001-01-01T00:00:00,01.01.0001.,-&nbsp;%,"3.600,00",2025-10-10T17:30:57+02:00,10.10.2025. 17:30:57,10.10.2025. 15:30:57,"9,43&nbsp;%","388.376,00","0,00&nbsp;%","0,35","0,73541980","359.880.444,31",2025-10-12
hr,0,HRKOEIRA0009,KONCAR d.d.,KOEI,-,,0001-01-01T00:00:00,01.01.0001.,-&nbsp;%,"650,00",2025-10-10T17:53:21+02:00,10.10.2025. 17:53:21,10.10.2025. 15:53:21,"9,21&nbsp;%","2.572.119,00","+0,93&nbsp;%","1,00","0,21015776","351.357.998,87",2025-10-12
hr,0,HRPLAGRA0003,PLAVA LAGUNA d.d.,PLAG,-,,0001-01-01T00:00:00,01.01.0001.,-&nbsp;%,"332,00",2025-10-10T15:51:29+02:00,10.10.2025. 15:51:29,10.10.2025. 13:51:29,"3,06&nbsp;%","2.197.772,00","+1,22&nbsp;%","0,16","1,00000000","116.745.648,64",2025-10-12
hr,0,HRPODRRA0004,PODRAVKA d.d.,PODR,-,,0001-01-01T00:00:00,01.01.0001.,-&nbsp;%,"152,00",2025-10-10T15:34:51+02:00,10.10.2025. 15:34:51,10.10.2025. 13:34:51,"10,15&nbsp;%","7.120.003,00","+0,66&nbsp;%","0,80","0,44747561","387.420.966,57",2025-10-12
hr,0,HRRIVPRA0000,Valamar Riviera d.d.,RIVP,-,,0001-01-01T00:00:00,01.01.0001.,-&nbsp;%,"6,18",2025-10-10T17:10:33+02:00,10.10.2025. 17:10:33,10.10.2025. 15:10:33,"10,02&nbsp;%","126.027.542,00","0,00&nbsp;%","0,55","0,89268438","382.397.079,04",2025-10-12
hr,0,HRSPANRA0007,SPAN d.d.,SPAN,-,,0001-01-01T00:00:00,01.01.0001.,-&nbsp;%,"64,40",2025-10-10T17:53:10+02:00,10.10.2025. 17:53:10,10.10.2025. 15:53:10,"2,32&nbsp;%","1.960.000,00","+0,63&nbsp;%","0,70","1,00000000","88.356.800,00",2025-10-12
hr,0,HRVLENRB0001,BRODOGRADILISTE VIKTOR LENAC d.d.,VLEN,-,,0001-01-01T00:00:00,01.01.0001.,-&nbsp;%,"4,24",2025-10-10T17:28:57+02:00,10.10.2025. 17:28:57,10.10.2025. 15:28:57,"0,26&nbsp;%","16.813.247,00","-3,64&nbsp;%","0,14","1,00000000","9.980.343,42",2025-10-12
hr,0,HRZABARA0009,Zagrebacka banka d.d.,ZABA,-,,0001-01-01T00:00:00,01.01.0001.,-&nbsp;%,"24,00",2025-10-10T17:38:22+02:00,10.10.2025. 17:38:22,10.10.2025. 15:38:22,"8,06&nbsp;%","320.241.955,00","-0,83&nbsp;%","0,04","1,00000000","307.432.276,80",2025-10-12
hr,0,HRZTOSRB0002,ZITO d.d.,ZITO,-,,0001-01-01T00:00:00,01.01.0001.,-&nbsp;%,"20,00",2025-10-10T18:00:04+02:00,10.10.2025. 18:00:04,10.10.2025. 16:00:04,"4,03&nbsp;%","25.607.675,00","-6,10&nbsp;%","0,30","1,00000000","153.646.050,00",2025-10-12
hr,0,HRADPLRA0006,AD PLASTIK d.d.,ADPL,-,,0001-01-01T00:00:00,01.01.0001.,-&nbsp;%,"17,50",2025-10-13T18:00:14+02:00,18:00:14,13.10.2025. 16:00:14,"1,35&nbsp;%","4.199.584,00","-2,23&nbsp;%","0,70","1,00000000","51.444.904,00",2025-10-13
hr,0,HRADRSPA0009,ADRIS GRUPA d.d.,ADRS2,-,,0001-01-01T00:00:00,01.01.0001.,-&nbsp;%,"78,00",2025-10-13T16:45:43+02:00,16:45:43,13.10.2025. 14:45:43,"9,71&nbsp;%","6.784.100,00","-1,76&nbsp;%","0,95","0,73725141","370.617.618,23",2025-10-13
hr,0,HRARNTRA0004,Arena Hospitality Group d.d.,ARNT,-,,0001-01-01T00:00:00,01.01.0001.,-&nbsp;%,"38,40",2025-10-13T17:34:41+02:00,17:34:41,13.10.2025. 15:34:41,"1,81&nbsp;%","5.128.721,00","-1,03&nbsp;%","0,35","1,00000000","68.930.010,24",2025-10-13
hr,0,HRATGRRA0003,ATLANTIC GRUPA d.d.,ATGR,-,,0001-01-01T00:00:00,01.01.0001.,-&nbsp;%,"42,00",2025-10-13T17:24:19+02:00,17:24:19,13.10.2025. 15:24:19,"6,61&nbsp;%","13.337.200,00","-2,33&nbsp;%","0,45","1,00000000","252.073.080,00",2025-10-13
hr,0,HRDDJHRA0007,DURO DAKOVIC GRUPA d.d.,DDJH,-,,0001-01-01T00:00:00,01.01.0001.,-&nbsp;%,"61,50",2025-10-13T11:30:00+02:00,11:30:00,13.10.2025. 09:30:00,"0,08&nbsp;%","101.532,00","0,00&nbsp;%","0,50","1,00000000","3.122.109,00",2025-10-13
hr,0,HRDLKVRA0006,Dalekovod d.d.,DLKV,-,,0001-01-01T00:00:00,01.01.0001.,-&nbsp;%,"8,32",2025-10-13T17:50:50+02:00,17:50:50,13.10.2025. 15:50:50,"2,25&nbsp;%","41.247.193,00","+1,22&nbsp;%","0,25","1,00000000","85.794.161,44",2025-10-13
hr,0,HRERNTRA0000,ERICSSON NIKOLA TESLA d.d.,ERNT,-,,0001-01-01T00:00:00,01.01.0001.,-&nbsp;%,"193,50",2025-10-13T15:11:11+02:00,15:11:11,13.10.2025. 13:11:11,"3,71&nbsp;%","1.331.650,00","+0,52&nbsp;%","0,55","1,00000000","141.720.851,25",2025-10-13
hr,0,HRHPB0RA0002,HPB d.d.,HPB,-,,0001-01-01T00:00:00,01.01.0001.,-&nbsp;%,"302,00",2025-10-13T16:39:54+02:00,16:39:54,13.10.2025. 14:39:54,"4,81&nbsp;%","2.024.625,00","+0,67&nbsp;%","0,30","1,00000000","183.431.025,00",2025-10-13
hr,0,HRHT00RA0005,HT d.d.,HT,-,,0001-01-01T00:00:00,01.01.0001.,-&nbsp;%,"42,70",2025-10-13T18:00:13+02:00,18:00:13,13.10.2025. 16:00:13,"10,40&nbsp;%","78.000.000,00","+2,40&nbsp;%","0,40","0,29796245","396.957.494,39",2025-10-13
hr,0,HRIG00RA0009,ING-GRAD d.d.,IG,-,,0001-01-01T00:00:00,01.01.0001.,-&nbsp;%,"55,80",2025-10-13T17:12:26+02:00,17:12:26,13.10.2025. 15:12:26,"2,04&nbsp;%","3.990.000,00","+0,72&nbsp;%","0,35","1,00000000","77.924.700,00",2025-10-13
hr,0,HRINGRRA0001,INGRA d.d.,INGR,-,,0001-01-01T00:00:00,01.01.0001.,-&nbsp;%,"2,06",2025-10-13T15:30:07+02:00,15:30:07,13.10.2025. 13:30:07,"0,62&nbsp;%","13.545.200,00","-3,74&nbsp;%","0,85","1,00000000","23.717.645,20",2025-10-13
hr,0,HRKODTRA0007,KONCAR - DISTRIBUTIVNI I SPECIJALNI TRANSFORMATORI d.d.,KODT,-,,0001-01-01T00:00:00,01.01.0001.,-&nbsp;%,"3.540,00",2025-10-13T17:48:01+02:00,17:48:01,13.10.2025. 15:48:01,"9,27&nbsp;%","388.376,00","-1,67&nbsp;%","0,35","0,73541980","353.882.436,90",2025-10-13
hr,0,HRKOEIRA0009,KONCAR d.d.,KOEI,-,,0001-01-01T00:00:00,01.01.0001.,-&nbsp;%,"660,00",2025-10-13T18:00:09+02:00,18:00:09,13.10.2025. 16:00:09,"9,35&nbsp;%","2.572.119,00","+1,54&nbsp;%","1,00","0,21015776","356.763.506,55",2025-10-13
hr,0,HRPLAGRA0003,PLAVA LAGUNA d.d.,PLAG,-,,0001-01-01T00:00:00,01.01.0001.,-&nbsp;%,"332,00",2025-10-10T15:51:29+02:00,10.10.2025. 15:51:29,10.10.2025. 13:51:29,"3,06&nbsp;%","2.197.772,00",-,"0,16","1,00000000","116.745.648,64",2025-10-13
hr,0,HRPODRRA0004,PODRAVKA d.d.,PODR,-,,0001-01-01T00:00:00,01.01.0001.,-&nbsp;%,"152,50",2025-10-13T16:38:32+02:00,16:38:32,13.10.2025. 14:38:32,"10,19&nbsp;%","7.120.003,00","+0,33&nbsp;%","0,80","0,44747561","388.695.377,65",2025-10-13
hr,0,HRRIVPRA0000,Valamar Riviera d.d.,RIVP,-,,0001-01-01T00:00:00,01.01.0001.,-&nbsp;%,"6,20",2025-10-13T17:54:53+02:00,17:54:53,13.10.2025. 15:54:53,"10,05&nbsp;%","126.027.542,00","+0,32&nbsp;%","0,55","0,89268438","383.634.610,04",2025-10-13
hr,0,HRSPANRA0007,SPAN d.d.,SPAN,-,,0001-01-01T00:00:00,01.01.0001.,-&nbsp;%,"64,60",2025-10-13T15:30:52+02:00,15:30:52,13.10.2025. 13:30:52,"2,32&nbsp;%","1.960.000,00","+0,31&nbsp;%","0,70","1,00000000","88.631.200,00",2025-10-13
hr,0,HRVLENRB0001,BRODOGRADILISTE VIKTOR LENAC d.d.,VLEN,-,,0001-01-01T00:00:00,01.01.0001.,-&nbsp;%,"4,20",2025-10-13T15:45:53+02:00,15:45:53,13.10.2025. 13:45:53,"0,26&nbsp;%","16.813.247,00","-0,94&nbsp;%","0,14","1,00000000","9.886.189,24",2025-10-13
hr,0,HRZABARA0009,Zagrebacka banka d.d.,ZABA,-,,0001-01-01T00:00:00,01.01.0001.,-&nbsp;%,"24,10",2025-10-13T17:42:51+02:00,17:42:51,13.10.2025. 15:42:51,"8,09&nbsp;%","320.241.955,00","+0,42&nbsp;%","0,04","1,00000000","308.713.244,62",2025-10-13
hr,0,HRZTOSRB0002,ZITO d.d.,ZITO,-,,0001-01-01T00:00:00,01.01.0001.,-&nbsp;%,"20,00",2025-10-13T17:50:30+02:00,17:50:30,13.10.2025. 15:50:30,"4,03&nbsp;%","25.607.675,00","0,00&nbsp;%","0,30","1,00000000","153.646.050,00",2025-10-13
hr,0,HRADPLRA0006,AD PLASTIK d.d.,ADPL,-,,0001-01-01T00:00:00,01.01.0001.,-&nbsp;%,"17,70",2025-10-14T18:00:00+02:00,18:00:00,14.10.2025. 16:00:00,"1,37&nbsp;%","4.199.584,00","+1,14&nbsp;%","0,70","1,00000000","52.032.845,76",2025-10-14
hr,0,HRADRSPA0009,ADRIS GRUPA d.d.,ADRS2,-,,0001-01-01T00:00:00,01.01.0001.,-&nbsp;%,"79,20",2025-10-14T17:20:35+02:00,17:20:35,14.10.2025. 15:20:35,"9,89&nbsp;%","6.784.100,00","+1,54&nbsp;%","0,95","0,73725141","376.319.427,74",2025-10-14
hr,0,HRARNTRA0004,Arena Hospitality Group d.d.,ARNT,-,,0001-01-01T00:00:00,01.01.0001.,-&nbsp;%,"38,40",2025-10-14T15:01:05+02:00,15:01:05,14.10.2025. 13:01:05,"1,81&nbsp;%","5.128.721,00","0,00&nbsp;%","0,35","1,00000000","68.930.010,24",2025-10-14
hr,0,HRATGRRA0003,ATLANTIC GRUPA d.d.,ATGR,-,,0001-01-01T00:00:00,01.01.0001.,-&nbsp;%,"42,20",2025-10-14T16:32:51+02:00,16:32:51,14.10.2025. 14:32:51,"6,66&nbsp;%","13.337.200,00","+0,48&nbsp;%","0,45","1,00000000","253.273.428,00",2025-10-14
hr,0,HRDDJHRA0007,DURO DAKOVIC GRUPA d.d.,DDJH,-,,0001-01-01T00:00:00,01.01.0001.,-&nbsp;%,"61,50",2025-10-13T11:30:00+02:00,13.10.2025. 11:30:00,13.10.2025. 09:30:00,"0,08&nbsp;%","101.532,00",-,"0,50","1,00000000","3.122.109,00",2025-10-14
hr,0,HRDLKVRA0006,Dalekovod d.d.,DLKV,-,,0001-01-01T00:00:00,01.01.0001.,-&nbsp;%,"8,02",2025-10-14T17:48:57+02:00,17:48:57,14.10.2025. 15:48:57,"2,17&nbsp;%","41.247.193,00","-3,61&nbsp;%","0,25","1,00000000","82.700.621,97",2025-10-14
hr,0,HRERNTRA0000,ERICSSON NIKOLA TESLA d.d.,ERNT,-,,0001-01-01T00:00:00,01.01.0001.,-&nbsp;%,"193,50",2025-10-14T17:46:42+02:00,17:46:42,14.10.2025. 15:46:42,"3,73&nbsp;%","1.331.650,00","0,00&nbsp;%","0,55","1,00000000","141.720.851,25",2025-10-14
hr,0,HRHPB0RA0002,HPB d.d.,HPB,-,,0001-01-01T00:00:00,01.01.0001.,-&nbsp;%,"300,00",2025-10-14T16:29:16+02:00,16:29:16,14.10.2025. 14:29:16,"4,79&nbsp;%","2.024.625,00","-0,66&nbsp;%","0,30","1,00000000","182.216.250,00",2025-10-14
hr,0,HRHT00RA0005,HT d.d.,HT,-,,0001-01-01T00:00:00,01.01.0001.,-&nbsp;%,"41,90",2025-10-14T17:39:18+02:00,17:39:18,14.10.2025. 15:39:18,"10,24&nbsp;%","78.000.000,00","-1,87&nbsp;%","0,40","0,29796245","389.520.351,64",2025-10-14
hr,0,HRIG00RA0009,ING-GRAD d.d.,IG,-,,0001-01-01T00:00:00,01.01.0001.,-&nbsp;%,"55,40",2025-10-14T17:33:22+02:00,17:33:22,14.10.2025. 15:33:22,"2,03&nbsp;%","3.990.000,00","-0,72&nbsp;%","0,35","1,00000000","77.366.100,00",2025-10-14
hr,0,HRINGRRA0001,INGRA d.d.,INGR,-,,0001-01-01T00:00:00,01.01.0001.,-&nbsp;%,"2,06",2025-10-13T15:30:07+02:00,13.10.2025. 15:30:07,13.10.2025. 13:30:07,"0,62&nbsp;%","13.545.200,00",-,"0,85","1,00000000","23.717.645,20",2025-10-14
hr,0,HRKODTRA0007,KONCAR - DISTRIBUTIVNI I SPECIJALNI TRANSFORMATORI d.d.,KODT,-,,0001-01-01T00:00:00,01.01.0001.,-&nbsp;%,"3.500,00",2025-10-14T17:26:38+02:00,17:26:38,14.10.2025. 15:26:38,"9,20&nbsp;%","388.376,00","-1,13&nbsp;%","0,35","0,73541980","349.883.765,30",2025-10-14
hr,0,HRKOEIRA0009,KONCAR d.d.,KOEI,-,,0001-01-01T00:00:00,01.01.0001.,-&nbsp;%,"648,00",2025-10-14T18:00:08+02:00,18:00:08,14.10.2025. 16:00:08,"9,21&nbsp;%","2.572.119,00","-1,82&nbsp;%","1,00","0,21015776","350.276.897,34",2025-10-14
hr,0,HRPLAGRA0003,PLAVA LAGUNA d.d.,PLAG,-,,0001-01-01T00:00:00,01.01.0001.,-&nbsp;%,"332,00",2025-10-14T15:50:16+02:00,15:50:16,14.10.2025. 13:50:16,"3,07&nbsp;%","2.197.772,00","0,00&nbsp;%","0,16","1,00000000","116.745.648,64",2025-10-14
hr,0,HRPODRRA0004,PODRAVKA d.d.,PODR,-,,0001-01-01T00:00:00,01.01.0001.,-&nbsp;%,"154,00",2025-10-14T17:21:49+02:00,17:21:49,14.10.2025. 15:21:49,"10,32&nbsp;%","7.120.003,00","+0,98&nbsp;%","0,80","0,44747561","392.518.610,87",2025-10-14
hr,0,HRRIVPRA0000,Valamar Riviera d.d.,RIVP,-,,0001-01-01T00:00:00,01.01.0001.,-&nbsp;%,"6,22",2025-10-14T18:00:13+02:00,18:00:13,14.10.2025. 16:00:13,"10,12&nbsp;%","126.027.542,00","+0,32&nbsp;%","0,55","0,89268438","384.872.141,04",2025-10-14
hr,0,HRSPANRA0007,SPAN d.d.,SPAN,-,,0001-01-01T00:00:00,01.01.0001.,-&nbsp;%,"62,80",2025-10-14T17:35:58+02:00,17:35:58,14.10.2025. 15:35:58,"2,26&nbsp;%","1.960.000,00","-2,79&nbsp;%","0,70","1,00000000","86.161.600,00",2025-10-14
hr,0,HRVLENRB0001,BRODOGRADILISTE VIKTOR LENAC d.d.,VLEN,-,,0001-01-01T00:00:00,01.01.0001.,-&nbsp;%,"4,18",2025-10-14T17:30:23+02:00,17:30:23,14.10.2025. 15:30:23,"0,26&nbsp;%","16.813.247,00","-0,48&nbsp;%","0,14","1,00000000","9.839.112,14",2025-10-14
hr,0,HRZABARA0009,Zagrebacka banka d.d.,ZABA,-,,0001-01-01T00:00:00,01.01.0001.,-&nbsp;%,"24,10",2025-10-14T15:59:43+02:00,15:59:43,14.10.2025. 13:59:43,"8,11&nbsp;%","320.241.955,00","0,00&nbsp;%","0,04","1,00000000","308.713.244,62",2025-10-14
hr,0,HRZTOSRB0002,ZITO d.d.,ZITO,-,,0001-01-01T00:00:00,01.01.0001.,-&nbsp;%,"20,10",2025-10-14T14:10:01+02:00,14:10:01,14.10.2025. 12:10:01,"4,06&nbsp;%","25.607.675,00","+0,50&nbsp;%","0,30","1,00000000","154.414.280,25",2025-10-14
hr,0,HRADPLRA0006,AD PLASTIK d.d.,ADPL,-,,0001-01-01T00:00:00,01.01.0001.,-&nbsp;%,"18,00",2025-10-15T17:49:18+02:00,17:49:18,15.10.2025. 15:49:18,"1,39&nbsp;%","4.199.584,00","+1,69&nbsp;%","0,70","1,00000000","52.914.758,40",2025-10-15
hr,0,HRADRSPA0009,ADRIS GRUPA d.d.,ADRS2,-,,0001-01-01T00:00:00,01.01.0001.,-&nbsp;%,"78,80",2025-10-15T12:28:03+02:00,12:28:03,15.10.2025. 10:28:03,"9,83&nbsp;%","6.784.100,00","-0,51&nbsp;%","0,95","0,73725141","374.418.824,57",2025-10-15
hr,0,HRARNTRA0004,Arena Hospitality Group d.d.,ARNT,-,,0001-01-01T00:00:00,01.01.0001.,-&nbsp;%,"38,40",2025-10-14T15:01:05+02:00,14.10.2025. 15:01:05,14.10.2025. 13:01:05,"1,81&nbsp;%","5.128.721,00",-,"0,35","1,00000000","68.930.010,24",2025-10-15
hr,0,HRATGRRA0003,ATLANTIC GRUPA d.d.,ATGR,-,,0001-01-01T00:00:00,01.01.0001.,-&nbsp;%,"41,40",2025-10-15T16:41:36+02:00,16:41:36,15.10.2025. 14:41:36,"6,52&nbsp;%","13.337.200,00","-1,90&nbsp;%","0,45","1,00000000","248.472.036,00",2025-10-15
hr,0,HRDDJHRA0007,DURO DAKOVIC GRUPA d.d.,DDJH,-,,0001-01-01T00:00:00,01.01.0001.,-&nbsp;%,"61,50",2025-10-13T11:30:00+02:00,13.10.2025. 11:30:00,13.10.2025. 09:30:00,"0,08&nbsp;%","101.532,00",-,"0,50","1,00000000","3.122.109,00",2025-10-15
hr,0,HRDLKVRA0006,Dalekovod d.d.,DLKV,-,,0001-01-01T00:00:00,01.01.0001.,-&nbsp;%,"8,20",2025-10-15T16:27:39+02:00,16:27:39,15.10.2025. 14:27:39,"2,22&nbsp;%","41.247.193,00","+2,24&nbsp;%","0,25","1,00000000","84.556.745,65",2025-10-15
hr,0,HRERNTRA0000,ERICSSON NIKOLA TESLA d.d.,ERNT,-,,0001-01-01T00:00:00,01.01.0001.,-&nbsp;%,"193,00",2025-10-15T16:12:52+02:00,16:12:52,15.10.2025. 14:12:52,"3,71&nbsp;%","1.331.650,00","-0,26&nbsp;%","0,55","1,00000000","141.354.647,50",2025-10-15
hr,0,HRHPB0RA0002,HPB d.d.,HPB,-,,0001-01-01T00:00:00,01.01.0001.,-&nbsp;%,"300,00",2025-10-15T14:15:46+02:00,14:15:46,15.10.2025. 12:15:46,"4,78&nbsp;%","2.024.625,00","0,00&nbsp;%","0,30","1,00000000","182.216.250,00",2025-10-15
hr,0,HRHT00RA0005,HT d.d.,HT,-,,0001-01-01T00:00:00,01.01.0001.,-&nbsp;%,"41,80",2025-10-15T17:35:43+02:00,17:35:43,15.10.2025. 15:35:43,"10,20&nbsp;%","78.000.000,00","-0,24&nbsp;%","0,40","0,29796245","388.590.708,79",2025-10-15
hr,0,HRIG00RA0009,ING-GRAD d.d.,IG,-,,0001-01-01T00:00:00,01.01.0001.,-&nbsp;%,"55,40",2025-10-15T17:11:33+02:00,17:11:33,15.10.2025. 15:11:33,"2,03&nbsp;%","3.990.000,00","0,00&nbsp;%","0,35","1,00000000","77.366.100,00",2025-10-15
hr,0,HRINGRRA0001,INGRA d.d.,INGR,-,,0001-01-01T00:00:00,01.01.0001.,-&nbsp;%,"2,06",2025-10-13T15:30:07+02:00,13.10.2025. 15:30:07,13.10.2025. 13:30:07,"0,62&nbsp;%","13.545.200,00",-,"0,85","1,00000000","23.717.645,20",2025-10-15
hr,0,HRKODTRA0007,KONCAR - DISTRIBUTIVNI I SPECIJALNI TRANSFORMATORI d.d.,KODT,-,,0001-01-01T00:00:00,01.01.0001.,-&nbsp;%,"3.550,00",2025-10-15T17:20:17+02:00,17:20:17,15.10.2025. 15:20:17,"9,31&nbsp;%","388.376,00","+1,43&nbsp;%","0,35","0,73541980","354.882.104,80",2025-10-15
hr,0,HRKOEIRA0009,KONCAR d.d.,KOEI,-,,0001-01-01T00:00:00,01.01.0001.,-&nbsp;%,"658,00",2025-10-15T18:00:06+02:00,18:00:06,15.10.2025. 16:00:06,"9,33&nbsp;%","2.572.119,00","+1,54&nbsp;%","1,00","0,21015776","355.682.405,01",2025-10-15
hr,0,HRPLAGRA0003,PLAVA LAGUNA d.d.,PLAG,-,,0001-01-01T00:00:00,01.01.0001.,-&nbsp;%,"332,00",2025-10-14T15:50:16+02:00,14.10.2025. 15:50:16,14.10.2025. 13:50:16,"3,06&nbsp;%","2.197.772,00",-,"0,16","1,00000000","116.745.648,64",2025-10-15
hr,0,HRPODRRA0004,PODRAVKA d.d.,PODR,-,,0001-01-01T00:00:00,01.01.0001.,-&nbsp;%,"155,00",2025-10-15T17:49:27+02:00,17:49:27,15.10.2025. 15:49:27,"10,37&nbsp;%","7.120.003,00","+0,65&nbsp;%","0,80","0,44747561","395.067.433,02",2025-10-15
hr,0,HRRIVPRA0000,Valamar Riviera d.d.,RIVP,-,,0001-01-01T00:00:00,01.01.0001.,-&nbsp;%,"6,18",2025-10-15T17:38:04+02:00,17:38:04,15.10.2025. 15:38:04,"10,04&nbsp;%","126.027.542,00","-0,64&nbsp;%","0,55","0,89268438","382.397.079,04",2025-10-15
hr,0,HRSPANRA0007,SPAN d.d.,SPAN,-,,0001-01-01T00:00:00,01.01.0001.,-&nbsp;%,"63,00",2025-10-15T17:48:23+02:00,17:48:23,15.10.2025. 15:48:23,"2,27&nbsp;%","1.960.000,00","+0,32&nbsp;%","0,70","1,00000000","86.436.000,00",2025-10-15
hr,0,HRVLENRB0001,BRODOGRADILISTE VIKTOR LENAC d.d.,VLEN,-,,0001-01-01T00:00:00,01.01.0001.,-&nbsp;%,"4,18",2025-10-15T16:38:09+02:00,16:38:09,15.10.2025. 14:38:09,"0,26&nbsp;%","16.813.247,00","0,00&nbsp;%","0,14","1,00000000","9.839.112,14",2025-10-15
hr,0,HRZABARA0009,Zagrebacka banka d.d.,ZABA,-,,0001-01-01T00:00:00,01.01.0001.,-&nbsp;%,"24,20",2025-10-15T17:29:04+02:00,17:29:04,15.10.2025. 15:29:04,"8,14&nbsp;%","320.241.955,00","+0,41&nbsp;%","0,04","1,00000000","309.994.212,44",2025-10-15
hr,0,HRZTOSRB0002,ZITO d.d.,ZITO,-,,0001-01-01T00:00:00,01.01.0001.,-&nbsp;%,"20,00",2025-10-15T18:00:13+02:00,18:00:13,15.10.2025. 16:00:13,"4,03&nbsp;%","25.607.675,00","-0,50&nbsp;%","0,30","1,00000000","153.646.050,00",2025-10-15
hr,0,HRADPLRA0006,AD PLASTIK d.d.,ADPL,-,,0001-01-01T00:00:00,01.01.0001.,-&nbsp;%,"18,20",2025-10-16T17:52:01+02:00,17:52:01,16.10.2025. 15:52:01,"1,39&nbsp;%","4.199.584,00","+1,11&nbsp;%","0,70","1,00000000","53.502.700,16",2025-10-16
hr,0,HRADRSPA0009,ADRIS GRUPA d.d.,ADRS2,-,,0001-01-01T00:00:00,01.01.0001.,-&nbsp;%,"79,00",2025-10-16T16:04:03+02:00,16:04:03,16.10.2025. 14:04:03,"9,78&nbsp;%","6.784.100,00","+0,25&nbsp;%","0,95","0,73725141","375.369.126,16",2025-10-16
hr,0,HRARNTRA0004,Arena Hospitality Group d.d.,ARNT,-,,0001-01-01T00:00:00,01.01.0001.,-&nbsp;%,"38,40",2025-10-16T17:03:03+02:00,17:03:03,16.10.2025. 15:03:03,"1,80&nbsp;%","5.128.721,00","0,00&nbsp;%","0,35","1,00000000","68.930.010,24",2025-10-16
hr,0,HRATGRRA0003,ATLANTIC GRUPA d.d.,ATGR,-,,0001-01-01T00:00:00,01.01.0001.,-&nbsp;%,"42,20",2025-10-16T17:37:54+02:00,17:37:54,16.10.2025. 15:37:54,"6,60&nbsp;%","13.337.200,00","+1,93&nbsp;%","0,45","1,00000000","253.273.428,00",2025-10-16
hr,0,HRDDJHRA0007,DURO DAKOVIC GRUPA d.d.,DDJH,-,,0001-01-01T00:00:00,01.01.0001.,-&nbsp;%,"61,50",2025-10-16T14:41:06+02:00,14:41:06,16.10.2025. 12:41:06,"0,08&nbsp;%","101.532,00","0,00&nbsp;%","0,50","1,00000000","3.122.109,00",2025-10-16
hr,0,HRDLKVRA0006,Dalekovod d.d.,DLKV,-,,0001-01-01T00:00:00,01.01.0001.,-&nbsp;%,"8,14",2025-10-16T18:00:02+02:00,18:00:02,16.10.2025. 16:00:02,"2,19&nbsp;%","41.247.193,00","-0,73&nbsp;%","0,25","1,00000000","83.938.037,76",2025-10-16
hr,0,HRERNTRA0000,ERICSSON NIKOLA TESLA d.d.,ERNT,-,,0001-01-01T00:00:00,01.01.0001.,-&nbsp;%,"191,50",2025-10-16T17:40:06+02:00,17:40:06,16.10.2025. 15:40:06,"3,65&nbsp;%","1.331.650,00","-0,78&nbsp;%","0,55","1,00000000","140.256.036,25",2025-10-16
hr,0,HRHPB0RA0002,HPB d.d.,HPB,-,,0001-01-01T00:00:00,01.01.0001.,-&nbsp;%,"302,00",2025-10-16T16:33:57+02:00,16:33:57,16.10.2025. 14:33:57,"4,78&nbsp;%","2.024.625,00","+0,67&nbsp;%","0,30","1,00000000","183.431.025,00",2025-10-16
hr,0,HRHT00RA0005,HT d.d.,HT,-,,0001-01-01T00:00:00,01.01.0001.,-&nbsp;%,"42,10",2025-10-16T17:51:48+02:00,17:51:48,16.10.2025. 15:51:48,"10,20&nbsp;%","78.000.000,00","+0,72&nbsp;%","0,40","0,29796245","391.379.637,32",2025-10-16
hr,0,HRIG00RA0009,ING-GRAD d.d.,IG,-,,0001-01-01T00:00:00,01.01.0001.,-&nbsp;%,"55,60",2025-10-16T16:31:49+02:00,16:31:49,16.10.2025. 14:31:49,"2,02&nbsp;%","3.990.000,00","+0,36&nbsp;%","0,35","1,00000000","77.645.400,00",2025-10-16
hr,0,HRINGRRA0001,INGRA d.d.,INGR,-,,0001-01-01T00:00:00,01.01.0001.,-&nbsp;%,"2,06",2025-10-16T17:48:53+02:00,17:48:53,16.10.2025. 15:48:53,"0,62&nbsp;%","13.545.200,00","0,00&nbsp;%","0,85","1,00000000","23.717.645,20",2025-10-16
hr,0,HRKODTRA0007,KONCAR - DISTRIBUTIVNI I SPECIJALNI TRANSFORMATORI d.d.,KODT,-,,0001-01-01T00:00:00,01.01.0001.,-&nbsp;%,"3.620,00",2025-10-16T17:51:37+02:00,17:51:37,16.10.2025. 15:51:37,"9,43&nbsp;%","388.376,00","+1,97&nbsp;%","0,35","0,73541980","361.879.780,11",2025-10-16
hr,0,HRKOEIRA0009,KONCAR d.d.,KOEI,-,,0001-01-01T00:00:00,01.01.0001.,-&nbsp;%,"660,00",2025-10-16T18:00:12+02:00,18:00:12,16.10.2025. 16:00:12,"9,29&nbsp;%","2.572.119,00","+0,30&nbsp;%","1,00","0,21015776","356.763.506,55",2025-10-16
hr,0,HRPLAGRA0003,PLAVA LAGUNA d.d.,PLAG,-,,0001-01-01T00:00:00,01.01.0001.,-&nbsp;%,"332,00",2025-10-14T15:50:16+02:00,14.10.2025. 15:50:16,14.10.2025. 13:50:16,"3,04&nbsp;%","2.197.772,00",-,"0,16","1,00000000","116.745.648,64",2025-10-16
hr,0,HRPODRRA0004,PODRAVKA d.d.,PODR,-,,0001-01-01T00:00:00,01.01.0001.,-&nbsp;%,"159,00",2025-10-16T17:41:30+02:00,17:41:30,16.10.2025. 15:41:30,"10,56&nbsp;%","7.120.003,00","+2,58&nbsp;%","0,80","0,44747561","405.262.721,61",2025-10-16
hr,0,HRRIVPRA0000,Valamar Riviera d.d.,RIVP,-,,0001-01-01T00:00:00,01.01.0001.,-&nbsp;%,"6,20",2025-10-16T17:21:32+02:00,17:21:32,16.10.2025. 15:21:32,"9,99&nbsp;%","126.027.542,00","+0,32&nbsp;%","0,55","0,89268438","383.634.610,04",2025-10-16
hr,0,HRSPANRA0007,SPAN d.d.,SPAN,-,,0001-01-01T00:00:00,01.01.0001.,-&nbsp;%,"64,20",2025-10-16T15:01:06+02:00,15:01:06,16.10.2025. 13:01:06,"2,29&nbsp;%","1.960.000,00","+1,90&nbsp;%","0,70","1,00000000","88.082.400,00",2025-10-16
hr,0,HRVLENRB0001,BRODOGRADILISTE VIKTOR LENAC d.d.,VLEN,-,,0001-01-01T00:00:00,01.01.0001.,-&nbsp;%,"4,20",2025-10-16T17:45:09+02:00,17:45:09,16.10.2025. 15:45:09,"0,26&nbsp;%","16.813.247,00","+0,48&nbsp;%","0,14","1,00000000","9.886.189,24",2025-10-16
hr,0,HRZABARA0009,Zagrebacka banka d.d.,ZABA,-,,0001-01-01T00:00:00,01.01.0001.,-&nbsp;%,"24,00",2025-10-16T16:23:53+02:00,16:23:53,16.10.2025. 14:23:53,"8,01&nbsp;%","320.241.955,00","-0,83&nbsp;%","0,04","1,00000000","307.432.276,80",2025-10-16
hr,0,HRZTOSRB0002,ZITO d.d.,ZITO,-,,0001-01-01T00:00:00,01.01.0001.,-&nbsp;%,"20,10",2025-10-16T15:24:56+02:00,15:24:56,16.10.2025. 13:24:56,"4,02&nbsp;%","25.607.675,00","+0,50&nbsp;%","0,30","1,00000000","154.414.280,25",2025-10-16
hr,0,HRADPLRA0006,AD PLASTIK d.d.,ADPL,-,,0001-01-01T00:00:00,01.01.0001.,-&nbsp;%,"18,00",2025-10-17T17:36:43+02:00,17:36:43,17.10.2025. 15:36:43,"1,38&nbsp;%","4.199.584,00","-1,10&nbsp;%","0,70","1,00000000","52.914.758,40",2025-10-17
hr,0,HRADRSPA0009,ADRIS GRUPA d.d.,ADRS2,-,,0001-01-01T00:00:00,01.01.0001.,-&nbsp;%,"78,60",2025-10-17T16:49:58+02:00,16:49:58,17.10.2025. 14:49:58,"9,73&nbsp;%","6.784.100,00","-0,51&nbsp;%","0,95","0,73725141","373.468.522,99",2025-10-17
hr,0,HRARNTRA0004,Arena Hospitality Group d.d.,ARNT,-,,0001-01-01T00:00:00,01.01.0001.,-&nbsp;%,"38,40",2025-10-16T17:03:03+02:00,16.10.2025. 17:03:03,16.10.2025. 15:03:03,"1,80&nbsp;%","5.128.721,00",-,"0,35","1,00000000","68.930.010,24",2025-10-17
hr,0,HRATGRRA0003,ATLANTIC GRUPA d.d.,ATGR,-,,0001-01-01T00:00:00,01.01.0001.,-&nbsp;%,"42,00",2025-10-17T15:25:53+02:00,15:25:53,17.10.2025. 13:25:53,"6,57&nbsp;%","13.337.200,00","-0,47&nbsp;%","0,45","1,00000000","252.073.080,00",2025-10-17
hr,0,HRDDJHRA0007,DURO DAKOVIC GRUPA d.d.,DDJH,-,,0001-01-01T00:00:00,01.01.0001.,-&nbsp;%,"61,50",2025-10-16T14:41:06+02:00,16.10.2025. 14:41:06,16.10.2025. 12:41:06,"0,08&nbsp;%","101.532,00",-,"0,50","1,00000000","3.122.109,00",2025-10-17
hr,0,HRDLKVRA0006,Dalekovod d.d.,DLKV,-,,0001-01-01T00:00:00,01.01.0001.,-&nbsp;%,"8,16",2025-10-17T13:46:12+02:00,13:46:12,17.10.2025. 11:46:12,"2,19&nbsp;%","41.247.193,00","+0,25&nbsp;%","0,25","1,00000000","84.144.273,72",2025-10-17
hr,0,HRERNTRA0000,ERICSSON NIKOLA TESLA d.d.,ERNT,-,,0001-01-01T00:00:00,01.01.0001.,-&nbsp;%,"191,00",2025-10-17T17:54:37+02:00,17:54:37,17.10.2025. 15:54:37,"3,65&nbsp;%","1.331.650,00","-0,26&nbsp;%","0,55","1,00000000","139.889.832,50",2025-10-17
hr,0,HRHPB0RA0002,HPB d.d.,HPB,-,,0001-01-01T00:00:00,01.01.0001.,-&nbsp;%,"306,00",2025-10-17T17:10:55+02:00,17:10:55,17.10.2025. 15:10:55,"4,84&nbsp;%","2.024.625,00","+1,32&nbsp;%","0,30","1,00000000","185.860.575,00",2025-10-17
hr,0,HRHT00RA0005,HT d.d.,HT,-,,0001-01-01T00:00:00,01.01.0001.,-&nbsp;%,"41,90",2025-10-17T18:00:08+02:00,18:00:08,17.10.2025. 16:00:08,"10,15&nbsp;%","78.000.000,00","-0,48&nbsp;%","0,40","0,29796245","389.520.351,64",2025-10-17
hr,0,HRIG00RA0009,ING-GRAD d.d.,IG,-,,0001-01-01T00:00:00,01.01.0001.,-&nbsp;%,"55,20",2025-10-17T14:50:18+02:00,14:50:18,17.10.2025. 12:50:18,"2,01&nbsp;%","3.990.000,00","-0,72&nbsp;%","0,35","1,00000000","77.086.800,00",2025-10-17
hr,0,HRINGRRA0001,INGRA d.d.,INGR,-,,0001-01-01T00:00:00,01.01.0001.,-&nbsp;%,"2,12",2025-10-17T18:00:03+02:00,18:00:03,17.10.2025. 16:00:03,"0,64&nbsp;%","13.545.200,00","+2,91&nbsp;%","0,85","1,00000000","24.408.450,40",2025-10-17
hr,0,HRKODTRA0007,KONCAR - DISTRIBUTIVNI I SPECIJALNI TRANSFORMATORI d.d.,KODT,-,,0001-01-01T00:00:00,01.01.0001.,-&nbsp;%,"3.600,00",2025-10-17T15:56:27+02:00,15:56:27,17.10.2025. 13:56:27,"9,38&nbsp;%","388.376,00","-0,55&nbsp;%","0,35","0,73541980","359.880.444,31",2025-10-17
hr,0,HRKOEIRA0009,KONCAR d.d.,KOEI,-,,0001-01-01T00:00:00,01.01.0001.,-&nbsp;%,"672,00",2025-10-17T18:00:09+02:00,18:00:09,17.10.2025. 16:00:09,"9,47&nbsp;%","2.572.119,00","+1,82&nbsp;%","1,00","0,21015776","363.250.115,76",2025-10-17
hr,0,HRPLAGRA0003,PLAVA LAGUNA d.d.,PLAG,-,,0001-01-01T00:00:00,01.01.0001.,-&nbsp;%,"334,00",2025-10-17T14:18:57+02:00,14:18:57,17.10.2025. 12:18:57,"3,06&nbsp;%","2.197.772,00","+0,60&nbsp;%","0,16","1,00000000","117.448.935,68",2025-10-17
hr,0,HRPODRRA0004,PODRAVKA d.d.,PODR,-,,0001-01-01T00:00:00,01.01.0001.,-&nbsp;%,"158,00",2025-10-17T16:39:49+02:00,16:39:49,17.10.2025. 14:39:49,"10,49&nbsp;%","7.120.003,00","-0,63&nbsp;%","0,80","0,44747561","402.713.899,46",2025-10-17
hr,0,HRRIVPRA0000,Valamar Riviera d.d.,RIVP,-,,0001-01-01T00:00:00,01.01.0001.,-&nbsp;%,"6,22",2025-10-17T17:37:59+02:00,17:37:59,17.10.2025. 15:37:59,"10,03&nbsp;%","126.027.542,00","+0,32&nbsp;%","0,55","0,89268438","384.872.141,04",2025-10-17
hr,0,HRSPANRA0007,SPAN d.d.,SPAN,-,,0001-01-01T00:00:00,01.01.0001.,-&nbsp;%,"64,00",2025-10-17T17:38:02+02:00,17:38:02,17.10.2025. 15:38:02,"2,29&nbsp;%","1.960.000,00","-0,31&nbsp;%","0,70","1,00000000","87.808.000,00",2025-10-17
hr,0,HRVLENRB0001,BRODOGRADILISTE VIKTOR LENAC d.d.,VLEN,-,,0001-01-01T00:00:00,01.01.0001.,-&nbsp;%,"3,94",2025-10-17T15:40:43+02:00,15:40:43,17.10.2025. 13:40:43,"0,24&nbsp;%","16.813.247,00","-6,19&nbsp;%","0,14","1,00000000","9.274.187,05",2025-10-17
hr,0,HRZABARA0009,Zagrebacka banka d.d.,ZABA,-,,0001-01-01T00:00:00,01.01.0001.,-&nbsp;%,"24,00",2025-10-17T16:04:36+02:00,16:04:36,17.10.2025. 14:04:36,"8,01&nbsp;%","320.241.955,00","0,00&nbsp;%","0,04","1,00000000","307.432.276,80",2025-10-17
hr,0,HRZTOSRB0002,ZITO d.d.,ZITO,-,,0001-01-01T00:00:00,01.01.0001.,-&nbsp;%,"19,95",2025-10-17T16:55:48+02:00,16:55:48,17.10.2025. 14:55:48,"3,99&nbsp;%","25.607.675,00","-0,75&nbsp;%","0,30","1,00000000","153.261.934,88",2025-10-17
hr,0,HRADPLRA0006,AD PLASTIK d.d.,ADPL,-,,0001-01-01T00:00:00,01.01.0001.,-&nbsp;%,"18,00",2025-10-17T17:36:43+02:00,17.10.2025. 17:36:43,17.10.2025. 15:36:43,"1,38&nbsp;%","4.199.584,00","-1,10&nbsp;%","0,70","1,00000000","52.914.758,40",2025-10-18
hr,0,HRADRSPA0009,ADRIS GRUPA d.d.,ADRS2,-,,0001-01-01T00:00:00,01.01.0001.,-&nbsp;%,"78,60",2025-10-17T16:49:58+02:00,17.10.2025. 16:49:58,17.10.2025. 14:49:58,"9,73&nbsp;%","6.784.100,00","-0,51&nbsp;%","0,95","0,73725141","373.468.522,99",2025-10-18
hr,0,HRARNTRA0004,Arena Hospitality Group d.d.,ARNT,-,,0001-01-01T00:00:00,01.01.0001.,-&nbsp;%,"38,40",2025-10-16T17:03:03+02:00,16.10.2025. 17:03:03,16.10.2025. 15:03:03,"1,80&nbsp;%","5.128.721,00",-,"0,35","1,00000000","68.930.010,24",2025-10-18
hr,0,HRATGRRA0003,ATLANTIC GRUPA d.d.,ATGR,-,,0001-01-01T00:00:00,01.01.0001.,-&nbsp;%,"42,00",2025-10-17T15:25:53+02:00,17.10.2025. 15:25:53,17.10.2025. 13:25:53,"6,57&nbsp;%","13.337.200,00","-0,47&nbsp;%","0,45","1,00000000","252.073.080,00",2025-10-18
hr,0,HRDDJHRA0007,DURO DAKOVIC GRUPA d.d.,DDJH,-,,0001-01-01T00:00:00,01.01.0001.,-&nbsp;%,"61,50",2025-10-16T14:41:06+02:00,16.10.2025. 14:41:06,16.10.2025. 12:41:06,"0,08&nbsp;%","101.532,00",-,"0,50","1,00000000","3.122.109,00",2025-10-18
hr,0,HRDLKVRA0006,Dalekovod d.d.,DLKV,-,,0001-01-01T00:00:00,01.01.0001.,-&nbsp;%,"8,16",2025-10-17T13:46:12+02:00,17.10.2025. 13:46:12,17.10.2025. 11:46:12,"2,19&nbsp;%","41.247.193,00","+0,25&nbsp;%","0,25","1,00000000","84.144.273,72",2025-10-18
hr,0,HRERNTRA0000,ERICSSON NIKOLA TESLA d.d.,ERNT,-,,0001-01-01T00:00:00,01.01.0001.,-&nbsp;%,"191,00",2025-10-17T17:54:37+02:00,17.10.2025. 17:54:37,17.10.2025. 15:54:37,"3,65&nbsp;%","1.331.650,00","-0,26&nbsp;%","0,55","1,00000000","139.889.832,50",2025-10-18
hr,0,HRHPB0RA0002,HPB d.d.,HPB,-,,0001-01-01T00:00:00,01.01.0001.,-&nbsp;%,"306,00",2025-10-17T17:10:55+02:00,17.10.2025. 17:10:55,17.10.2025. 15:10:55,"4,84&nbsp;%","2.024.625,00","+1,32&nbsp;%","0,30","1,00000000","185.860.575,00",2025-10-18
hr,0,HRHT00RA0005,HT d.d.,HT,-,,0001-01-01T00:00:00,01.01.0001.,-&nbsp;%,"41,90",2025-10-17T18:00:08+02:00,17.10.2025. 18:00:08,17.10.2025. 16:00:08,"10,15&nbsp;%","78.000.000,00","-0,48&nbsp;%","0,40","0,29796245","389.520.351,64",2025-10-18
hr,0,HRIG00RA0009,ING-GRAD d.d.,IG,-,,0001-01-01T00:00:00,01.01.0001.,-&nbsp;%,"55,20",2025-10-17T14:50:18+02:00,17.10.2025. 14:50:18,17.10.2025. 12:50:18,"2,01&nbsp;%","3.990.000,00","-0,72&nbsp;%","0,35","1,00000000","77.086.800,00",2025-10-18
hr,0,HRINGRRA0001,INGRA d.d.,INGR,-,,0001-01-01T00:00:00,01.01.0001.,-&nbsp;%,"2,12",2025-10-17T18:00:03+02:00,17.10.2025. 18:00:03,17.10.2025. 16:00:03,"0,64&nbsp;%","13.545.200,00","+2,91&nbsp;%","0,85","1,00000000","24.408.450,40",2025-10-18
hr,0,HRKODTRA0007,KONCAR - DISTRIBUTIVNI I SPECIJALNI TRANSFORMATORI d.d.,KODT,-,,0001-01-01T00:00:00,01.01.0001.,-&nbsp;%,"3.600,00",2025-10-17T15:56:27+02:00,17.10.2025. 15:56:27,17.10.2025. 13:56:27,"9,38&nbsp;%","388.376,00","-0,55&nbsp;%","0,35","0,73541980","359.880.444,31",2025-10-18
hr,0,HRKOEIRA0009,KONCAR d.d.,KOEI,-,,0001-01-01T00:00:00,01.01.0001.,-&nbsp;%,"672,00",2025-10-17T18:00:09+02:00,17.10.2025. 18:00:09,17.10.2025. 16:00:09,"9,47&nbsp;%","2.572.119,00","+1,82&nbsp;%","1,00","0,21015776","363.250.115,76",2025-10-18
hr,0,HRPLAGRA0003,PLAVA LAGUNA d.d.,PLAG,-,,0001-01-01T00:00:00,01.01.0001.,-&nbsp;%,"334,00",2025-10-17T14:18:57+02:00,17.10.2025. 14:18:57,17.10.2025. 12:18:57,"3,06&nbsp;%","2.197.772,00","+0,60&nbsp;%","0,16","1,00000000","117.448.935,68",2025-10-18
hr,0,HRPODRRA0004,PODRAVKA d.d.,PODR,-,,0001-01-01T00:00:00,01.01.0001.,-&nbsp;%,"158,00",2025-10-17T16:39:49+02:00,17.10.2025. 16:39:49,17.10.2025. 14:39:49,"10,49&nbsp;%","7.120.003,00","-0,63&nbsp;%","0,80","0,44747561","402.713.899,46",2025-10-18
hr,0,HRRIVPRA0000,Valamar Riviera d.d.,RIVP,-,,0001-01-01T00:00:00,01.01.0001.,-&nbsp;%,"6,22",2025-10-17T17:37:59+02:00,17.10.2025. 17:37:59,17.10.2025. 15:37:59,"10,03&nbsp;%","126.027.542,00","+0,32&nbsp;%","0,55","0,89268438","384.872.141,04",2025-10-18
hr,0,HRSPANRA0007,SPAN d.d.,SPAN,-,,0001-01-01T00:00:00,01.01.0001.,-&nbsp;%,"64,00",2025-10-17T17:38:02+02:00,17.10.2025. 17:38:02,17.10.2025. 15:38:02,"2,29&nbsp;%","1.960.000,00","-0,31&nbsp;%","0,70","1,00000000","87.808.000,00",2025-10-18
hr,0,HRVLENRB0001,BRODOGRADILISTE VIKTOR LENAC d.d.,VLEN,-,,0001-01-01T00:00:00,01.01.0001.,-&nbsp;%,"3,94",2025-10-17T15:40:43+02:00,17.10.2025. 15:40:43,17.10.2025. 13:40:43,"0,24&nbsp;%","16.813.247,00","-6,19&nbsp;%","0,14","1,00000000","9.274.187,05",2025-10-18
hr,0,HRZABARA0009,Zagrebacka banka d.d.,ZABA,-,,0001-01-01T00:00:00,01.01.0001.,-&nbsp;%,"24,00",2025-10-17T16:04:36+02:00,17.10.2025. 16:04:36,17.10.2025. 14:04:36,"8,01&nbsp;%","320.241.955,00","0,00&nbsp;%","0,04","1,00000000","307.432.276,80",2025-10-18
hr,0,HRZTOSRB0002,ZITO d.d.,ZITO,-,,0001-01-01T00:00:00,01.01.0001.,-&nbsp;%,"19,95",2025-10-17T16:55:48+02:00,17.10.2025. 16:55:48,17.10.2025. 14:55:48,"3,99&nbsp;%","25.607.675,00","-0,75&nbsp;%","0,30","1,00000000","153.261.934,88",2025-10-18
hr,0,HRADPLRA0006,AD PLASTIK d.d.,ADPL,-,,0001-01-01T00:00:00,01.01.0001.,-&nbsp;%,"18,00",2025-10-17T17:36:43+02:00,17.10.2025. 17:36:43,17.10.2025. 15:36:43,"1,38&nbsp;%","4.199.584,00","-1,10&nbsp;%","0,70","1,00000000","52.914.758,40",2025-10-19
hr,0,HRADRSPA0009,ADRIS GRUPA d.d.,ADRS2,-,,0001-01-01T00:00:00,01.01.0001.,-&nbsp;%,"78,60",2025-10-17T16:49:58+02:00,17.10.2025. 16:49:58,17.10.2025. 14:49:58,"9,73&nbsp;%","6.784.100,00","-0,51&nbsp;%","0,95","0,73725141","373.468.522,99",2025-10-19
hr,0,HRARNTRA0004,Arena Hospitality Group d.d.,ARNT,-,,0001-01-01T00:00:00,01.01.0001.,-&nbsp;%,"38,40",2025-10-16T17:03:03+02:00,16.10.2025. 17:03:03,16.10.2025. 15:03:03,"1,80&nbsp;%","5.128.721,00",-,"0,35","1,00000000","68.930.010,24",2025-10-19
hr,0,HRATGRRA0003,ATLANTIC GRUPA d.d.,ATGR,-,,0001-01-01T00:00:00,01.01.0001.,-&nbsp;%,"42,00",2025-10-17T15:25:53+02:00,17.10.2025. 15:25:53,17.10.2025. 13:25:53,"6,57&nbsp;%","13.337.200,00","-0,47&nbsp;%","0,45","1,00000000","252.073.080,00",2025-10-19
hr,0,HRDDJHRA0007,DURO DAKOVIC GRUPA d.d.,DDJH,-,,0001-01-01T00:00:00,01.01.0001.,-&nbsp;%,"61,50",2025-10-16T14:41:06+02:00,16.10.2025. 14:41:06,16.10.2025. 12:41:06,"0,08&nbsp;%","101.532,00",-,"0,50","1,00000000","3.122.109,00",2025-10-19
hr,0,HRDLKVRA0006,Dalekovod d.d.,DLKV,-,,0001-01-01T00:00:00,01.01.0001.,-&nbsp;%,"8,16",2025-10-17T13:46:12+02:00,17.10.2025. 13:46:12,17.10.2025. 11:46:12,"2,19&nbsp;%","41.247.193,00","+0,25&nbsp;%","0,25","1,00000000","84.144.273,72",2025-10-19
hr,0,HRERNTRA0000,ERICSSON NIKOLA TESLA d.d.,ERNT,-,,0001-01-01T00:00:00,01.01.0001.,-&nbsp;%,"191,00",2025-10-17T17:54:37+02:00,17.10.2025. 17:54:37,17.10.2025. 15:54:37,"3,65&nbsp;%","1.331.650,00","-0,26&nbsp;%","0,55","1,00000000","139.889.832,50",2025-10-19
hr,0,HRHPB0RA0002,HPB d.d.,HPB,-,,0001-01-01T00:00:00,01.01.0001.,-&nbsp;%,"306,00",2025-10-17T17:10:55+02:00,17.10.2025. 17:10:55,17.10.2025. 15:10:55,"4,84&nbsp;%","2.024.625,00","+1,32&nbsp;%","0,30","1,00000000","185.860.575,00",2025-10-19
hr,0,HRHT00RA0005,HT d.d.,HT,-,,0001-01-01T00:00:00,01.01.0001.,-&nbsp;%,"41,90",2025-10-17T18:00:08+02:00,17.10.2025. 18:00:08,17.10.2025. 16:00:08,"10,15&nbsp;%","78.000.000,00","-0,48&nbsp;%","0,40","0,29796245","389.520.351,64",2025-10-19
hr,0,HRIG00RA0009,ING-GRAD d.d.,IG,-,,0001-01-01T00:00:00,01.01.0001.,-&nbsp;%,"55,20",2025-10-17T14:50:18+02:00,17.10.2025. 14:50:18,17.10.2025. 12:50:18,"2,01&nbsp;%","3.990.000,00","-0,72&nbsp;%","0,35","1,00000000","77.086.800,00",2025-10-19
hr,0,HRINGRRA0001,INGRA d.d.,INGR,-,,0001-01-01T00:00:00,01.01.0001.,-&nbsp;%,"2,12",2025-10-17T18:00:03+02:00,17.10.2025. 18:00:03,17.10.2025. 16:00:03,"0,64&nbsp;%","13.545.200,00","+2,91&nbsp;%","0,85","1,00000000","24.408.450,40",2025-10-19
hr,0,HRKODTRA0007,KONCAR - DISTRIBUTIVNI I SPECIJALNI TRANSFORMATORI d.d.,KODT,-,,0001-01-01T00:00:00,01.01.0001.,-&nbsp;%,"3.600,00",2025-10-17T15:56:27+02:00,17.10.2025. 15:56:27,17.10.2025. 13:56:27,"9,38&nbsp;%","388.376,00","-0,55&nbsp;%","0,35","0,73541980","359.880.444,31",2025-10-19
hr,0,HRKOEIRA0009,KONCAR d.d.,KOEI,-,,0001-01-01T00:00:00,01.01.0001.,-&nbsp;%,"672,00",2025-10-17T18:00:09+02:00,17.10.2025. 18:00:09,17.10.2025. 16:00:09,"9,47&nbsp;%","2.572.119,00","+1,82&nbsp;%","1,00","0,21015776","363.250.115,76",2025-10-19
hr,0,HRPLAGRA0003,PLAVA LAGUNA d.d.,PLAG,-,,0001-01-01T00:00:00,01.01.0001.,-&nbsp;%,"334,00",2025-10-17T14:18:57+02:00,17.10.2025. 14:18:57,17.10.2025. 12:18:57,"3,06&nbsp;%","2.197.772,00","+0,60&nbsp;%","0,16","1,00000000","117.448.935,68",2025-10-19
hr,0,HRPODRRA0004,PODRAVKA d.d.,PODR,-,,0001-01-01T00:00:00,01.01.0001.,-&nbsp;%,"158,00",2025-10-17T16:39:49+02:00,17.10.2025. 16:39:49,17.10.2025. 14:39:49,"10,49&nbsp;%","7.120.003,00","-0,63&nbsp;%","0,80","0,44747561","402.713.899,46",2025-10-19
hr,0,HRRIVPRA0000,Valamar Riviera d.d.,RIVP,-,,0001-01-01T00:00:00,01.01.0001.,-&nbsp;%,"6,22",2025-10-17T17:37:59+02:00,17.10.2025. 17:37:59,17.10.2025. 15:37:59,"10,03&nbsp;%","126.027.542,00","+0,32&nbsp;%","0,55","0,89268438","384.872.141,04",2025-10-19
hr,0,HRSPANRA0007,SPAN d.d.,SPAN,-,,0001-01-01T00:00:00,01.01.0001.,-&nbsp;%,"64,00",2025-10-17T17:38:02+02:00,17.10.2025. 17:38:02,17.10.2025. 15:38:02,"2,29&nbsp;%","1.960.000,00","-0,31&nbsp;%","0,70","1,00000000","87.808.000,00",2025-10-19
hr,0,HRVLENRB0001,BRODOGRADILISTE VIKTOR LENAC d.d.,VLEN,-,,0001-01-01T00:00:00,01.01.0001.,-&nbsp;%,"3,94",2025-10-17T15:40:43+02:00,17.10.2025. 15:40:43,17.10.2025. 13:40:43,"0,24&nbsp;%","16.813.247,00","-6,19&nbsp;%","0,14","1,00000000","9.274.187,05",2025-10-19
hr,0,HRZABARA0009,Zagrebacka banka d.d.,ZABA,-,,0001-01-01T00:00:00,01.01.0001.,-&nbsp;%,"24,00",2025-10-17T16:04:36+02:00,17.10.2025. 16:04:36,17.10.2025. 14:04:36,"8,01&nbsp;%","320.241.955,00","0,00&nbsp;%","0,04","1,00000000","307.432.276,80",2025-10-19
hr,0,HRZTOSRB0002,ZITO d.d.,ZITO,-,,0001-01-01T00:00:00,01.01.0001.,-&nbsp;%,"19,95",2025-10-17T16:55:48+02:00,17.10.2025. 16:55:48,17.10.2025. 14:55:48,"3,99&nbsp;%","25.607.675,00","-0,75&nbsp;%","0,30","1,00000000","153.261.934,88",2025-10-19
hr,0,HRADPLRA0006,AD PLASTIK d.d.,ADPL,-,,0001-01-01T00:00:00,01.01.0001.,-&nbsp;%,"18,00",2025-10-20T17:40:51+02:00,17:40:51,20.10.2025. 15:40:51,"1,38&nbsp;%","4.199.584,00","0,00&nbsp;%","0,70","1,00000000","52.914.758,40",2025-10-20
hr,0,HRADRSPA0009,ADRIS GRUPA d.d.,ADRS2,-,,0001-01-01T00:00:00,01.01.0001.,-&nbsp;%,"77,80",2025-10-20T17:39:55+02:00,17:39:55,20.10.2025. 15:39:55,"9,61&nbsp;%","6.784.100,00","-1,02&nbsp;%","0,95","0,73725141","369.667.316,65",2025-10-20
hr,0,HRARNTRA0004,Arena Hospitality Group d.d.,ARNT,-,,0001-01-01T00:00:00,01.01.0001.,-&nbsp;%,"38,40",2025-10-20T15:22:40+02:00,15:22:40,20.10.2025. 13:22:40,"1,79&nbsp;%","5.128.721,00","0,00&nbsp;%","0,35","1,00000000","68.930.010,24",2025-10-20
hr,0,HRATGRRA0003,ATLANTIC GRUPA d.d.,ATGR,-,,0001-01-01T00:00:00,01.01.0001.,-&nbsp;%,"42,20",2025-10-20T16:06:04+02:00,16:06:04,20.10.2025. 14:06:04,"6,59&nbsp;%","13.337.200,00","+0,48&nbsp;%","0,45","1,00000000","253.273.428,00",2025-10-20
hr,0,HRDDJHRA0007,DURO DAKOVIC GRUPA d.d.,DDJH,-,,0001-01-01T00:00:00,01.01.0001.,-&nbsp;%,"57,00",2025-10-20T16:37:56+02:00,16:37:56,20.10.2025. 14:37:56,"0,08&nbsp;%","101.532,00","-7,32&nbsp;%","0,50","1,00000000","2.893.662,00",2025-10-20
hr,0,HRDLKVRA0006,Dalekovod d.d.,DLKV,-,,0001-01-01T00:00:00,01.01.0001.,-&nbsp;%,"8,14",2025-10-20T17:12:45+02:00,17:12:45,20.10.2025. 15:12:45,"2,18&nbsp;%","41.247.193,00","-0,25&nbsp;%","0,25","1,00000000","83.938.037,76",2025-10-20
hr,0,HRERNTRA0000,ERICSSON NIKOLA TESLA d.d.,ERNT,-,,0001-01-01T00:00:00,01.01.0001.,-&nbsp;%,"188,00",2025-10-20T16:45:36+02:00,16:45:36,20.10.2025. 14:45:36,"3,58&nbsp;%","1.331.650,00","-1,57&nbsp;%","0,55","1,00000000","137.692.610,00",2025-10-20
hr,0,HRHPB0RA0002,HPB d.d.,HPB,-,,0001-01-01T00:00:00,01.01.0001.,-&nbsp;%,"308,00",2025-10-20T15:31:12+02:00,15:31:12,20.10.2025. 13:31:12,"4,87&nbsp;%","2.024.625,00","+0,65&nbsp;%","0,30","1,00000000","187.075.350,00",2025-10-20
hr,0,HRHT00RA0005,HT d.d.,HT,-,,0001-01-01T00:00:00,01.01.0001.,-&nbsp;%,"41,90",2025-10-20T17:53:09+02:00,17:53:09,20.10.2025. 15:53:09,"10,13&nbsp;%","78.000.000,00","0,00&nbsp;%","0,40","0,29796245","389.520.351,64",2025-10-20
hr,0,HRIG00RA0009,ING-GRAD d.d.,IG,-,,0001-01-01T00:00:00,01.01.0001.,-&nbsp;%,"55,00",2025-10-20T17:09:34+02:00,17:09:34,20.10.2025. 15:09:34,"2,00&nbsp;%","3.990.000,00","-0,36&nbsp;%","0,35","1,00000000","76.807.500,00",2025-10-20
hr,0,HRINGRRA0001,INGRA d.d.,INGR,-,,0001-01-01T00:00:00,01.01.0001.,-&nbsp;%,"2,06",2025-10-20T14:40:57+02:00,14:40:57,20.10.2025. 12:40:57,"0,62&nbsp;%","13.545.200,00","-2,83&nbsp;%","0,85","1,00000000","23.717.645,20",2025-10-20
hr,0,HRKODTRA0007,KONCAR - DISTRIBUTIVNI I SPECIJALNI TRANSFORMATORI d.d.,KODT,-,,0001-01-01T00:00:00,01.01.0001.,-&nbsp;%,"3.600,00",2025-10-20T15:05:58+02:00,15:05:58,20.10.2025. 13:05:58,"9,36&nbsp;%","388.376,00","0,00&nbsp;%","0,35","0,73541980","359.880.444,31",2025-10-20
hr,0,HRKOEIRA0009,KONCAR d.d.,KOEI,-,,0001-01-01T00:00:00,01.01.0001.,-&nbsp;%,"690,00",2025-10-20T18:00:14+02:00,18:00:14,20.10.2025. 16:00:14,"9,70&nbsp;%","2.572.119,00","+2,68&nbsp;%","1,00","0,21015776","372.980.029,57",2025-10-20
hr,0,HRPLAGRA0003,PLAVA LAGUNA d.d.,PLAG,-,,0001-01-01T00:00:00,01.01.0001.,-&nbsp;%,"334,00",2025-10-17T14:18:57+02:00,17.10.2025. 14:18:57,17.10.2025. 12:18:57,"3,05&nbsp;%","2.197.772,00",-,"0,16","1,00000000","117.448.935,68",2025-10-20
hr,0,HRPODRRA0004,PODRAVKA d.d.,PODR,-,,0001-01-01T00:00:00,01.01.0001.,-&nbsp;%,"158,00",2025-10-20T13:57:41+02:00,13:57:41,20.10.2025. 11:57:41,"10,47&nbsp;%","7.120.003,00","0,00&nbsp;%","0,80","0,44747561","402.713.899,46",2025-10-20
hr,0,HRRIVPRA0000,Valamar Riviera d.d.,RIVP,-,,0001-01-01T00:00:00,01.01.0001.,-&nbsp;%,"6,24",2025-10-20T17:43:05+02:00,17:43:05,20.10.2025. 15:43:05,"10,04&nbsp;%","126.027.542,00","+0,32&nbsp;%","0,55","0,89268438","386.109.672,04",2025-10-20
hr,0,HRSPANRA0007,SPAN d.d.,SPAN,-,,0001-01-01T00:00:00,01.01.0001.,-&nbsp;%,"64,40",2025-10-20T18:00:01+02:00,18:00:01,20.10.2025. 16:00:01,"2,30&nbsp;%","1.960.000,00","+0,63&nbsp;%","0,70","1,00000000","88.356.800,00",2025-10-20
hr,0,HRVLENRB0001,BRODOGRADILISTE VIKTOR LENAC d.d.,VLEN,-,,0001-01-01T00:00:00,01.01.0001.,-&nbsp;%,"4,00",2025-10-20T18:00:08+02:00,18:00:08,20.10.2025. 16:00:08,"0,24&nbsp;%","16.813.247,00","+1,52&nbsp;%","0,14","1,00000000","9.415.418,32",2025-10-20
hr,0,HRZABARA0009,Zagrebacka banka d.d.,ZABA,-,,0001-01-01T00:00:00,01.01.0001.,-&nbsp;%,"24,00",2025-10-20T17:06:20+02:00,17:06:20,20.10.2025. 15:06:20,"8,00&nbsp;%","320.241.955,00","0,00&nbsp;%","0,04","1,00000000","307.432.276,80",2025-10-20
hr,0,HRZTOSRB0002,ZITO d.d.,ZITO,-,,0001-01-01T00:00:00,01.01.0001.,-&nbsp;%,"20,10",2025-10-20T17:32:58+02:00,17:32:58,20.10.2025. 15:32:58,"4,02&nbsp;%","25.607.675,00","+0,75&nbsp;%","0,30","1,00000000","154.414.280,25",2025-10-20
hr,0,HRADPLRA0006,AD PLASTIK d.d.,ADPL,-,,0001-01-01T00:00:00,01.01.0001.,-&nbsp;%,"17,80",2025-10-21T16:37:01+02:00,16:37:01,21.10.2025. 14:37:01,"1,36&nbsp;%","4.199.584,00","-1,11&nbsp;%","0,70","1,00000000","52.326.816,64",2025-10-21
hr,0,HRADRSPA0009,ADRIS GRUPA d.d.,ADRS2,-,,0001-01-01T00:00:00,01.01.0001.,-&nbsp;%,"77,80",2025-10-21T17:53:06+02:00,17:53:06,21.10.2025. 15:53:06,"9,59&nbsp;%","6.784.100,00","0,00&nbsp;%","0,95","0,73725141","369.667.316,65",2025-10-21
hr,0,HRARNTRA0004,Arena Hospitality Group d.d.,ARNT,-,,0001-01-01T00:00:00,01.01.0001.,-&nbsp;%,"38,40",2025-10-20T15:22:40+02:00,20.10.2025. 15:22:40,20.10.2025. 13:22:40,"1,79&nbsp;%","5.128.721,00",-,"0,35","1,00000000","68.930.010,24",2025-10-21
hr,0,HRATGRRA0003,ATLANTIC GRUPA d.d.,ATGR,-,,0001-01-01T00:00:00,01.01.0001.,-&nbsp;%,"42,80",2025-10-21T17:18:12+02:00,17:18:12,21.10.2025. 15:18:12,"6,67&nbsp;%","13.337.200,00","+1,42&nbsp;%","0,45","1,00000000","256.874.472,00",2025-10-21
hr,0,HRDDJHRA0007,DURO DAKOVIC GRUPA d.d.,DDJH,-,,0001-01-01T00:00:00,01.01.0001.,-&nbsp;%,"61,50",2025-10-21T13:46:12+02:00,13:46:12,21.10.2025. 11:46:12,"0,08&nbsp;%","101.532,00","+7,89&nbsp;%","0,50","1,00000000","3.122.109,00",2025-10-21
hr,0,HRDLKVRA0006,Dalekovod d.d.,DLKV,-,,0001-01-01T00:00:00,01.01.0001.,-&nbsp;%,"8,28",2025-10-21T16:04:54+02:00,16:04:54,21.10.2025. 14:04:54,"2,22&nbsp;%","41.247.193,00","+1,72&nbsp;%","0,25","1,00000000","85.381.689,51",2025-10-21
hr,0,HRERNTRA0000,ERICSSON NIKOLA TESLA d.d.,ERNT,-,,0001-01-01T00:00:00,01.01.0001.,-&nbsp;%,"188,00",2025-10-21T17:23:14+02:00,17:23:14,21.10.2025. 15:23:14,"3,57&nbsp;%","1.331.650,00","0,00&nbsp;%","0,55","1,00000000","137.692.610,00",2025-10-21
hr,0,HRHPB0RA0002,HPB d.d.,HPB,-,,0001-01-01T00:00:00,01.01.0001.,-&nbsp;%,"306,00",2025-10-21T16:39:13+02:00,16:39:13,21.10.2025. 14:39:13,"4,82&nbsp;%","2.024.625,00","-0,65&nbsp;%","0,30","1,00000000","185.860.575,00",2025-10-21
hr,0,HRHT00RA0005,HT d.d.,HT,-,,0001-01-01T00:00:00,01.01.0001.,-&nbsp;%,"41,70",2025-10-21T16:39:45+02:00,16:39:45,21.10.2025. 14:39:45,"10,06&nbsp;%","78.000.000,00","-0,48&nbsp;%","0,40","0,29796245","387.661.065,95",2025-10-21
hr,0,HRIG00RA0009,ING-GRAD d.d.,IG,-,,0001-01-01T00:00:00,01.01.0001.,-&nbsp;%,"55,20",2025-10-21T16:24:31+02:00,16:24:31,21.10.2025. 14:24:31,"2,00&nbsp;%","3.990.000,00","+0,36&nbsp;%","0,35","1,00000000","77.086.800,00",2025-10-21
hr,0,HRINGRRA0001,INGRA d.d.,INGR,-,,0001-01-01T00:00:00,01.01.0001.,-&nbsp;%,"2,06",2025-10-20T14:40:57+02:00,20.10.2025. 14:40:57,20.10.2025. 12:40:57,"0,62&nbsp;%","13.545.200,00",-,"0,85","1,00000000","23.717.645,20",2025-10-21
hr,0,HRKODTRA0007,KONCAR - DISTRIBUTIVNI I SPECIJALNI TRANSFORMATORI d.d.,KODT,-,,0001-01-01T00:00:00,01.01.0001.,-&nbsp;%,"3.610,00",2025-10-21T17:44:58+02:00,17:44:58,21.10.2025. 15:44:58,"9,37&nbsp;%","388.376,00","+0,28&nbsp;%","0,35","0,73541980","360.880.112,21",2025-10-21
hr,0,HRKOEIRA0009,KONCAR d.d.,KOEI,-,,0001-01-01T00:00:00,01.01.0001.,-&nbsp;%,"686,00",2025-10-21T17:48:02+02:00,17:48:02,21.10.2025. 15:48:02,"9,62&nbsp;%","2.572.119,00","-0,58&nbsp;%","1,00","0,21015776","370.817.826,50",2025-10-21
hr,0,HRPLAGRA0003,PLAVA LAGUNA d.d.,PLAG,-,,0001-01-01T00:00:00,01.01.0001.,-&nbsp;%,"334,00",2025-10-21T17:13:52+02:00,17:13:52,21.10.2025. 15:13:52,"3,05&nbsp;%","2.197.772,00","0,00&nbsp;%","0,16","1,00000000","117.448.935,68",2025-10-21
hr,0,HRPODRRA0004,PODRAVKA d.d.,PODR,-,,0001-01-01T00:00:00,01.01.0001.,-&nbsp;%,"162,00",2025-10-21T17:53:53+02:00,17:53:53,21.10.2025. 15:53:53,"10,72&nbsp;%","7.120.003,00","+2,53&nbsp;%","0,80","0,44747561","412.909.188,06",2025-10-21
hr,0,HRRIVPRA0000,Valamar Riviera d.d.,RIVP,-,,0001-01-01T00:00:00,01.01.0001.,-&nbsp;%,"6,20",2025-10-21T17:51:36+02:00,17:51:36,21.10.2025. 15:51:36,"9,96&nbsp;%","126.027.542,00","-0,64&nbsp;%","0,55","0,89268438","383.634.610,04",2025-10-21
hr,0,HRSPANRA0007,SPAN d.d.,SPAN,-,,0001-01-01T00:00:00,01.01.0001.,-&nbsp;%,"64,20",2025-10-21T15:12:19+02:00,15:12:19,21.10.2025. 13:12:19,"2,29&nbsp;%","1.960.000,00","-0,31&nbsp;%","0,70","1,00000000","88.082.400,00",2025-10-21
hr,0,HRVLENRB0001,BRODOGRADILISTE VIKTOR LENAC d.d.,VLEN,-,,0001-01-01T00:00:00,01.01.0001.,-&nbsp;%,"4,00",2025-10-20T18:00:08+02:00,20.10.2025. 18:00:08,20.10.2025. 16:00:08,"0,24&nbsp;%","16.813.247,00",-,"0,14","1,00000000","9.415.418,32",2025-10-21
hr,0,HRZABARA0009,Zagrebacka banka d.d.,ZABA,-,,0001-01-01T00:00:00,01.01.0001.,-&nbsp;%,"24,00",2025-10-21T16:46:09+02:00,16:46:09,21.10.2025. 14:46:09,"7,98&nbsp;%","320.241.955,00","0,00&nbsp;%","0,04","1,00000000","307.432.276,80",2025-10-21
hr,0,HRZTOSRB0002,ZITO d.d.,ZITO,-,,0001-01-01T00:00:00,01.01.0001.,-&nbsp;%,"20,10",2025-10-21T16:14:32+02:00,16:14:32,21.10.2025. 14:14:32,"4,01&nbsp;%","25.607.675,00","0,00&nbsp;%","0,30","1,00000000","154.414.280,25",2025-10-21
hr,0,HRADPLRA0006,AD PLASTIK d.d.,ADPL,-,,0001-01-01T00:00:00,01.01.0001.,-&nbsp;%,"17,60",2025-10-22T17:53:38+02:00,17:53:38,22.10.2025. 15:53:38,"1,34&nbsp;%","4.199.584,00","-1,12&nbsp;%","0,70","1,00000000","51.738.874,88",2025-10-22
hr,0,HRADRSPA0009,ADRIS GRUPA d.d.,ADRS2,-,,0001-01-01T00:00:00,01.01.0001.,-&nbsp;%,"77,80",2025-10-22T16:43:52+02:00,16:43:52,22.10.2025. 14:43:52,"9,55&nbsp;%","6.784.100,00","0,00&nbsp;%","0,95","0,73725141","369.667.316,65",2025-10-22
hr,0,HRARNTRA0004,Arena Hospitality Group d.d.,ARNT,-,,0001-01-01T00:00:00,01.01.0001.,-&nbsp;%,"38,20",2025-10-22T17:34:59+02:00,17:34:59,22.10.2025. 15:34:59,"1,77&nbsp;%","5.128.721,00","-0,52&nbsp;%","0,35","1,00000000","68.570.999,77",2025-10-22
hr,0,HRATGRRA0003,ATLANTIC GRUPA d.d.,ATGR,-,,0001-01-01T00:00:00,01.01.0001.,-&nbsp;%,"43,40",2025-10-22T11:30:43+02:00,11:30:43,22.10.2025. 09:30:43,"6,73&nbsp;%","13.337.200,00","+1,40&nbsp;%","0,45","1,00000000","260.475.516,00",2025-10-22
hr,0,HRDDJHRA0007,DURO DAKOVIC GRUPA d.d.,DDJH,-,,0001-01-01T00:00:00,01.01.0001.,-&nbsp;%,"61,50",2025-10-21T13:46:12+02:00,21.10.2025. 13:46:12,21.10.2025. 11:46:12,"0,08&nbsp;%","101.532,00",-,"0,50","1,00000000","3.122.109,00",2025-10-22
hr,0,HRDLKVRA0006,Dalekovod d.d.,DLKV,-,,0001-01-01T00:00:00,01.01.0001.,-&nbsp;%,"8,38",2025-10-22T17:25:05+02:00,17:25:05,22.10.2025. 15:25:05,"2,23&nbsp;%","41.247.193,00","+1,21&nbsp;%","0,25","1,00000000","86.412.869,34",2025-10-22
hr,0,HRERNTRA0000,ERICSSON NIKOLA TESLA d.d.,ERNT,-,,0001-01-01T00:00:00,01.01.0001.,-&nbsp;%,"192,00",2025-10-22T17:32:35+02:00,17:32:35,22.10.2025. 15:32:35,"3,63&nbsp;%","1.331.650,00","+2,13&nbsp;%","0,55","1,00000000","140.622.240,00",2025-10-22
hr,0,HRHPB0RA0002,HPB d.d.,HPB,-,,0001-01-01T00:00:00,01.01.0001.,-&nbsp;%,"300,00",2025-10-22T14:13:18+02:00,14:13:18,22.10.2025. 12:13:18,"4,71&nbsp;%","2.024.625,00","-1,96&nbsp;%","0,30","1,00000000","182.216.250,00",2025-10-22
hr,0,HRHT00RA0005,HT d.d.,HT,-,,0001-01-01T00:00:00,01.01.0001.,-&nbsp;%,"41,80",2025-10-22T17:53:06+02:00,17:53:06,22.10.2025. 15:53:06,"10,04&nbsp;%","78.000.000,00","+0,24&nbsp;%","0,40","0,29796245","388.590.708,79",2025-10-22
hr,0,HRIG00RA0009,ING-GRAD d.d.,IG,-,,0001-01-01T00:00:00,01.01.0001.,-&nbsp;%,"56,40",2025-10-22T16:17:05+02:00,16:17:05,22.10.2025. 14:17:05,"2,03&nbsp;%","3.990.000,00","+2,17&nbsp;%","0,35","1,00000000","78.762.600,00",2025-10-22
hr,0,HRINGRRA0001,INGRA d.d.,INGR,-,,0001-01-01T00:00:00,01.01.0001.,-&nbsp;%,"2,06",2025-10-22T18:00:03+02:00,18:00:03,22.10.2025. 16:00:03,"0,61&nbsp;%","13.545.200,00","0,00&nbsp;%","0,85","1,00000000","23.717.645,20",2025-10-22
hr,0,HRKODTRA0007,KONCAR - DISTRIBUTIVNI I SPECIJALNI TRANSFORMATORI d.d.,KODT,-,,0001-01-01T00:00:00,01.01.0001.,-&nbsp;%,"3.600,00",2025-10-22T17:53:57+02:00,17:53:57,22.10.2025. 15:53:57,"9,30&nbsp;%","388.376,00","-0,28&nbsp;%","0,35","0,73541980","359.880.444,31",2025-10-22
hr,0,HRKOEIRA0009,KONCAR d.d.,KOEI,-,,0001-01-01T00:00:00,01.01.0001.,-&nbsp;%,"690,00",2025-10-22T17:49:38+02:00,17:49:38,22.10.2025. 15:49:38,"9,64&nbsp;%","2.572.119,00","+0,58&nbsp;%","1,00","0,21015776","372.980.029,57",2025-10-22
hr,0,HRPLAGRA0003,PLAVA LAGUNA d.d.,PLAG,-,,0001-01-01T00:00:00,01.01.0001.,-&nbsp;%,"334,00",2025-10-21T17:13:52+02:00,21.10.2025. 17:13:52,21.10.2025. 15:13:52,"3,03&nbsp;%","2.197.772,00",-,"0,16","1,00000000","117.448.935,68",2025-10-22
hr,0,HRPODRRA0004,PODRAVKA d.d.,PODR,-,,0001-01-01T00:00:00,01.01.0001.,-&nbsp;%,"164,50",2025-10-22T17:54:06+02:00,17:54:06,22.10.2025. 15:54:06,"10,83&nbsp;%","7.120.003,00","+1,54&nbsp;%","0,80","0,44747561","419.281.243,43",2025-10-22
hr,0,HRRIVPRA0000,Valamar Riviera d.d.,RIVP,-,,0001-01-01T00:00:00,01.01.0001.,-&nbsp;%,"6,18",2025-10-22T17:45:04+02:00,17:45:04,22.10.2025. 15:45:04,"9,88&nbsp;%","126.027.542,00","-0,32&nbsp;%","0,55","0,89268438","382.397.079,04",2025-10-22
hr,0,HRSPANRA0007,SPAN d.d.,SPAN,-,,0001-01-01T00:00:00,01.01.0001.,-&nbsp;%,"64,60",2025-10-22T14:10:00+02:00,14:10:00,22.10.2025. 12:10:00,"2,29&nbsp;%","1.960.000,00","+0,62&nbsp;%","0,70","1,00000000","88.631.200,00",2025-10-22
hr,0,HRVLENRB0001,BRODOGRADILISTE VIKTOR LENAC d.d.,VLEN,-,,0001-01-01T00:00:00,01.01.0001.,-&nbsp;%,"4,14",2025-10-22T17:27:41+02:00,17:27:41,22.10.2025. 15:27:41,"0,25&nbsp;%","16.813.247,00","+3,50&nbsp;%","0,14","1,00000000","9.744.957,96",2025-10-22
hr,0,HRZABARA0009,Zagrebacka banka d.d.,ZABA,-,,0001-01-01T00:00:00,01.01.0001.,-&nbsp;%,"24,40",2025-10-22T17:42:27+02:00,17:42:27,22.10.2025. 15:42:27,"8,08&nbsp;%","320.241.955,00","+1,67&nbsp;%","0,04","1,00000000","312.556.148,08",2025-10-22
hr,0,HRZTOSRB0002,ZITO d.d.,ZITO,-,,0001-01-01T00:00:00,01.01.0001.,-&nbsp;%,"20,00",2025-10-22T17:44:40+02:00,17:44:40,22.10.2025. 15:44:40,"3,97&nbsp;%","25.607.675,00","-0,50&nbsp;%","0,30","1,00000000","153.646.050,00",2025-10-22
hr,0,HRADPLRA0006,AD PLASTIK d.d.,ADPL,-,,0001-01-01T00:00:00,01.01.0001.,-&nbsp;%,"17,75",2025-10-23T14:20:48+02:00,14:20:48,23.10.2025. 12:20:48,"1,34&nbsp;%","4.199.584,00","+0,85&nbsp;%","0,70","1,00000000","52.179.831,20",2025-10-23
hr,0,HRADRSPA0009,ADRIS GRUPA d.d.,ADRS2,-,,0001-01-01T00:00:00,01.01.0001.,-&nbsp;%,"78,00",2025-10-23T17:52:37+02:00,17:52:37,23.10.2025. 15:52:37,"9,51&nbsp;%","6.784.100,00","+0,26&nbsp;%","0,95","0,73725141","370.617.618,23",2025-10-23
hr,0,HRARNTRA0004,Arena Hospitality Group d.d.,ARNT,-,,0001-01-01T00:00:00,01.01.0001.,-&nbsp;%,"38,00",2025-10-23T17:54:44+02:00,17:54:44,23.10.2025. 15:54:44,"1,75&nbsp;%","5.128.721,00","-0,52&nbsp;%","0,35","1,00000000","68.211.989,30",2025-10-23
hr,0,HRATGRRA0003,ATLANTIC GRUPA d.d.,ATGR,-,,0001-01-01T00:00:00,01.01.0001.,-&nbsp;%,"42,40",2025-10-23T17:52:43+02:00,17:52:43,23.10.2025. 15:52:43,"6,53&nbsp;%","13.337.200,00","-2,30&nbsp;%","0,45","1,00000000","254.473.776,00",2025-10-23
hr,0,HRDDJHRA0007,DURO DAKOVIC GRUPA d.d.,DDJH,-,,0001-01-01T00:00:00,01.01.0001.,-&nbsp;%,"63,00",2025-10-23T16:57:50+02:00,16:57:50,23.10.2025. 14:57:50,"0,08&nbsp;%","101.532,00","+2,44&nbsp;%","0,50","1,00000000","3.198.258,00",2025-10-23
hr,0,HRDLKVRA0006,Dalekovod d.d.,DLKV,-,,0001-01-01T00:00:00,01.01.0001.,-&nbsp;%,"8,48",2025-10-23T18:00:10+02:00,18:00:10,23.10.2025. 16:00:10,"2,24&nbsp;%","41.247.193,00","+1,19&nbsp;%","0,25","1,00000000","87.444.049,16",2025-10-23
hr,0,HRERNTRA0000,ERICSSON NIKOLA TESLA d.d.,ERNT,-,,0001-01-01T00:00:00,01.01.0001.,-&nbsp;%,"187,00",2025-10-23T18:00:10+02:00,18:00:10,23.10.2025. 16:00:10,"3,51&nbsp;%","1.331.650,00","-2,60&nbsp;%","0,55","1,00000000","136.960.202,50",2025-10-23
hr,0,HRHPB0RA0002,HPB d.d.,HPB,-,,0001-01-01T00:00:00,01.01.0001.,-&nbsp;%,"300,00",2025-10-23T11:37:45+02:00,11:37:45,23.10.2025. 09:37:45,"4,68&nbsp;%","2.024.625,00","0,00&nbsp;%","0,30","1,00000000","182.216.250,00",2025-10-23
hr,0,HRHT00RA0005,HT d.d.,HT,-,,0001-01-01T00:00:00,01.01.0001.,-&nbsp;%,"41,90",2025-10-23T18:00:01+02:00,18:00:01,23.10.2025. 16:00:01,"10,00&nbsp;%","78.000.000,00","+0,24&nbsp;%","0,40","0,29796245","389.520.351,64",2025-10-23
hr,0,HRIG00RA0009,ING-GRAD d.d.,IG,-,,0001-01-01T00:00:00,01.01.0001.,-&nbsp;%,"56,40",2025-10-23T17:31:35+02:00,17:31:35,23.10.2025. 15:31:35,"2,02&nbsp;%","3.990.000,00","0,00&nbsp;%","0,35","1,00000000","78.762.600,00",2025-10-23
hr,0,HRINGRRA0001,INGRA d.d.,INGR,-,,0001-01-01T00:00:00,01.01.0001.,-&nbsp;%,"2,06",2025-10-23T18:00:14+02:00,18:00:14,23.10.2025. 16:00:14,"0,61&nbsp;%","13.545.200,00","0,00&nbsp;%","0,85","1,00000000","23.717.645,20",2025-10-23
hr,0,HRKODTRA0007,KONCAR - DISTRIBUTIVNI I SPECIJALNI TRANSFORMATORI d.d.,KODT,-,,0001-01-01T00:00:00,01.01.0001.,-&nbsp;%,"3.700,00",2025-10-23T17:53:11+02:00,17:53:11,23.10.2025. 15:53:11,"9,49&nbsp;%","388.376,00","+2,78&nbsp;%","0,35","0,73541980","369.877.123,32",2025-10-23
hr,0,HRKOEIRA0009,KONCAR d.d.,KOEI,-,,0001-01-01T00:00:00,01.01.0001.,-&nbsp;%,"700,00",2025-10-23T18:00:12+02:00,18:00:12,23.10.2025. 16:00:12,"9,71&nbsp;%","2.572.119,00","+1,45&nbsp;%","1,00","0,21015776","378.385.537,25",2025-10-23
hr,0,HRPLAGRA0003,PLAVA LAGUNA d.d.,PLAG,-,,0001-01-01T00:00:00,01.01.0001.,-&nbsp;%,"342,00",2025-10-23T17:32:27+02:00,17:32:27,23.10.2025. 15:32:27,"3,09&nbsp;%","2.197.772,00","+2,40&nbsp;%","0,16","1,00000000","120.262.083,84",2025-10-23
hr,0,HRPODRRA0004,PODRAVKA d.d.,PODR,-,,0001-01-01T00:00:00,01.01.0001.,-&nbsp;%,"167,00",2025-10-23T18:00:06+02:00,18:00:06,23.10.2025. 16:00:06,"10,92&nbsp;%","7.120.003,00","+1,52&nbsp;%","0,80","0,44747561","425.653.298,80",2025-10-23
hr,0,HRRIVPRA0000,Valamar Riviera d.d.,RIVP,-,,0001-01-01T00:00:00,01.01.0001.,-&nbsp;%,"6,40",2025-10-23T17:13:20+02:00,17:13:20,23.10.2025. 15:13:20,"10,16&nbsp;%","126.027.542,00","+3,56&nbsp;%","0,55","0,89268438","396.009.920,04",2025-10-23
hr,0,HRSPANRA0007,SPAN d.d.,SPAN,-,,0001-01-01T00:00:00,01.01.0001.,-&nbsp;%,"64,00",2025-10-23T18:00:13+02:00,18:00:13,23.10.2025. 16:00:13,"2,25&nbsp;%","1.960.000,00","-0,93&nbsp;%","0,70","1,00000000","87.808.000,00",2025-10-23
hr,0,HRVLENRB0001,BRODOGRADILISTE VIKTOR LENAC d.d.,VLEN,-,,0001-01-01T00:00:00,01.01.0001.,-&nbsp;%,"3,90",2025-10-23T17:47:56+02:00,17:47:56,23.10.2025. 15:47:56,"0,24&nbsp;%","16.813.247,00","-5,80&nbsp;%","0,14","1,00000000","9.180.032,86",2025-10-23
hr,0,HRZABARA0009,Zagrebacka banka d.d.,ZABA,-,,0001-01-01T00:00:00,01.01.0001.,-&nbsp;%,"24,10",2025-10-23T14:30:00+02:00,14:30:00,23.10.2025. 12:30:00,"7,92&nbsp;%","320.241.955,00","-1,23&nbsp;%","0,04","1,00000000","308.713.244,62",2025-10-23
hr,0,HRZTOSRB0002,ZITO d.d.,ZITO,-,,0001-01-01T00:00:00,01.01.0001.,-&nbsp;%,"20,00",2025-10-23T17:19:21+02:00,17:19:21,23.10.2025. 15:19:21,"3,94&nbsp;%","25.607.675,00","0,00&nbsp;%","0,30","1,00000000","153.646.050,00",2025-10-23
hr,0,HRADPLRA0006,AD PLASTIK d.d.,ADPL,-,,0001-01-01T00:00:00,01.01.0001.,-&nbsp;%,"17,65",2025-10-24T17:38:14+02:00,17:38:14,24.10.2025. 15:38:14,"1,33&nbsp;%","4.199.584,00","-0,56&nbsp;%","0,70","1,00000000","51.885.860,32",2025-10-24
hr,0,HRADRSPA0009,ADRIS GRUPA d.d.,ADRS2,-,,0001-01-01T00:00:00,01.01.0001.,-&nbsp;%,"79,40",2025-10-24T17:07:51+02:00,17:07:51,24.10.2025. 15:07:51,"9,68&nbsp;%","6.784.100,00","+1,79&nbsp;%","0,95","0,73725141","377.269.729,33",2025-10-24
hr,0,HRARNTRA0004,Arena Hospitality Group d.d.,ARNT,-,,0001-01-01T00:00:00,01.01.0001.,-&nbsp;%,"38,00",2025-10-23T17:54:44+02:00,23.10.2025. 17:54:44,23.10.2025. 15:54:44,"1,75&nbsp;%","5.128.721,00",-,"0,35","1,00000000","68.211.989,30",2025-10-24
hr,0,HRATGRRA0003,ATLANTIC GRUPA d.d.,ATGR,-,,0001-01-01T00:00:00,01.01.0001.,-&nbsp;%,"42,20",2025-10-24T16:46:20+02:00,16:46:20,24.10.2025. 14:46:20,"6,50&nbsp;%","13.337.200,00","-0,47&nbsp;%","0,45","1,00000000","253.273.428,00",2025-10-24
hr,0,HRDDJHRA0007,DURO DAKOVIC GRUPA d.d.,DDJH,-,,0001-01-01T00:00:00,01.01.0001.,-&nbsp;%,"63,00",2025-10-23T16:57:50+02:00,23.10.2025. 16:57:50,23.10.2025. 14:57:50,"0,08&nbsp;%","101.532,00",-,"0,50","1,00000000","3.198.258,00",2025-10-24
hr,0,HRDLKVRA0006,Dalekovod d.d.,DLKV,-,,0001-01-01T00:00:00,01.01.0001.,-&nbsp;%,"8,22",2025-10-24T17:23:14+02:00,17:23:14,24.10.2025. 15:23:14,"2,17&nbsp;%","41.247.193,00","-3,07&nbsp;%","0,25","1,00000000","84.762.981,62",2025-10-24
hr,0,HRERNTRA0000,ERICSSON NIKOLA TESLA d.d.,ERNT,-,,0001-01-01T00:00:00,01.01.0001.,-&nbsp;%,"189,50",2025-10-24T15:13:21+02:00,15:13:21,24.10.2025. 13:13:21,"3,56&nbsp;%","1.331.650,00","+1,34&nbsp;%","0,55","1,00000000","138.791.221,25",2025-10-24
hr,0,HRHPB0RA0002,HPB d.d.,HPB,-,,0001-01-01T00:00:00,01.01.0001.,-&nbsp;%,"304,00",2025-10-24T17:04:13+02:00,17:04:13,24.10.2025. 15:04:13,"4,74&nbsp;%","2.024.625,00","+1,33&nbsp;%","0,30","1,00000000","184.645.800,00",2025-10-24
hr,0,HRHT00RA0005,HT d.d.,HT,-,,0001-01-01T00:00:00,01.01.0001.,-&nbsp;%,"42,00",2025-10-24T17:47:47+02:00,17:47:47,24.10.2025. 15:47:47,"10,01&nbsp;%","78.000.000,00","+0,24&nbsp;%","0,40","0,29796245","390.449.994,48",2025-10-24
hr,0,HRIG00RA0009,ING-GRAD d.d.,IG,-,,0001-01-01T00:00:00,01.01.0001.,-&nbsp;%,"58,00",2025-10-24T17:27:03+02:00,17:27:03,24.10.2025. 15:27:03,"2,08&nbsp;%","3.990.000,00","+2,84&nbsp;%","0,35","1,00000000","80.997.000,00",2025-10-24
hr,0,HRINGRRA0001,INGRA d.d.,INGR,-,,0001-01-01T00:00:00,01.01.0001.,-&nbsp;%,"2,06",2025-10-23T18:00:14+02:00,23.10.2025. 18:00:14,23.10.2025. 16:00:14,"0,61&nbsp;%","13.545.200,00",-,"0,85","1,00000000","23.717.645,20",2025-10-24
hr,0,HRKODTRA0007,KONCAR - DISTRIBUTIVNI I SPECIJALNI TRANSFORMATORI d.d.,KODT,-,,0001-01-01T00:00:00,01.01.0001.,-&nbsp;%,"3.680,00",2025-10-24T17:20:46+02:00,17:20:46,24.10.2025. 15:20:46,"9,43&nbsp;%","388.376,00","-0,54&nbsp;%","0,35","0,73541980","367.877.787,52",2025-10-24
hr,0,HRKOEIRA0009,KONCAR d.d.,KOEI,-,,0001-01-01T00:00:00,01.01.0001.,-&nbsp;%,"698,00",2025-10-24T18:00:11+02:00,18:00:11,24.10.2025. 16:00:11,"9,68&nbsp;%","2.572.119,00","-0,29&nbsp;%","1,00","0,21015776","377.304.435,71",2025-10-24
hr,0,HRPLAGRA0003,PLAVA LAGUNA d.d.,PLAG,-,,0001-01-01T00:00:00,01.01.0001.,-&nbsp;%,"342,00",2025-10-23T17:32:27+02:00,23.10.2025. 17:32:27,23.10.2025. 15:32:27,"3,08&nbsp;%","2.197.772,00",-,"0,16","1,00000000","120.262.083,84",2025-10-24
hr,0,HRPODRRA0004,PODRAVKA d.d.,PODR,-,,0001-01-01T00:00:00,01.01.0001.,-&nbsp;%,"165,00",2025-10-24T18:00:12+02:00,18:00:12,24.10.2025. 16:00:12,"10,79&nbsp;%","7.120.003,00","-1,20&nbsp;%","0,80","0,44747561","420.555.654,50",2025-10-24
hr,0,HRRIVPRA0000,Valamar Riviera d.d.,RIVP,-,,0001-01-01T00:00:00,01.01.0001.,-&nbsp;%,"6,38",2025-10-24T17:41:47+02:00,17:41:47,24.10.2025. 15:41:47,"10,12&nbsp;%","126.027.542,00","-0,31&nbsp;%","0,55","0,89268438","394.772.389,04",2025-10-24
hr,0,HRSPANRA0007,SPAN d.d.,SPAN,-,,0001-01-01T00:00:00,01.01.0001.,-&nbsp;%,"64,40",2025-10-24T17:49:38+02:00,17:49:38,24.10.2025. 15:49:38,"2,27&nbsp;%","1.960.000,00","+0,63&nbsp;%","0,70","1,00000000","88.356.800,00",2025-10-24
hr,0,HRVLENRB0001,BRODOGRADILISTE VIKTOR LENAC d.d.,VLEN,-,,0001-01-01T00:00:00,01.01.0001.,-&nbsp;%,"3,96",2025-10-24T17:25:58+02:00,17:25:58,24.10.2025. 15:25:58,"0,24&nbsp;%","16.813.247,00","+1,54&nbsp;%","0,14","1,00000000","9.321.264,14",2025-10-24
hr,0,HRZABARA0009,Zagrebacka banka d.d.,ZABA,-,,0001-01-01T00:00:00,01.01.0001.,-&nbsp;%,"24,40",2025-10-24T15:11:18+02:00,15:11:18,24.10.2025. 13:11:18,"8,02&nbsp;%","320.241.955,00","+1,24&nbsp;%","0,04","1,00000000","312.556.148,08",2025-10-24
hr,0,HRZTOSRB0002,ZITO d.d.,ZITO,-,,0001-01-01T00:00:00,01.01.0001.,-&nbsp;%,"19,65",2025-10-24T17:32:53+02:00,17:32:53,24.10.2025. 15:32:53,"3,87&nbsp;%","25.607.675,00","-1,75&nbsp;%","0,30","1,00000000","150.957.244,13",2025-10-24
hr,0,HRADPLRA0006,AD PLASTIK d.d.,ADPL,-,,0001-01-01T00:00:00,01.01.0001.,-&nbsp;%,"17,65",2025-10-24T17:38:14+02:00,24.10.2025. 17:38:14,24.10.2025. 15:38:14,"1,33&nbsp;%","4.199.584,00","-0,56&nbsp;%","0,70","1,00000000","51.885.860,32",2025-10-25
hr,0,HRADRSPA0009,ADRIS GRUPA d.d.,ADRS2,-,,0001-01-01T00:00:00,01.01.0001.,-&nbsp;%,"79,40",2025-10-24T17:07:51+02:00,24.10.2025. 17:07:51,24.10.2025. 15:07:51,"9,68&nbsp;%","6.784.100,00","+1,79&nbsp;%","0,95","0,73725141","377.269.729,33",2025-10-25
hr,0,HRARNTRA0004,Arena Hospitality Group d.d.,ARNT,-,,0001-01-01T00:00:00,01.01.0001.,-&nbsp;%,"38,00",2025-10-23T17:54:44+02:00,23.10.2025. 17:54:44,23.10.2025. 15:54:44,"1,75&nbsp;%","5.128.721,00",-,"0,35","1,00000000","68.211.989,30",2025-10-25
hr,0,HRATGRRA0003,ATLANTIC GRUPA d.d.,ATGR,-,,0001-01-01T00:00:00,01.01.0001.,-&nbsp;%,"42,20",2025-10-24T16:46:20+02:00,24.10.2025. 16:46:20,24.10.2025. 14:46:20,"6,50&nbsp;%","13.337.200,00","-0,47&nbsp;%","0,45","1,00000000","253.273.428,00",2025-10-25
hr,0,HRDDJHRA0007,DURO DAKOVIC GRUPA d.d.,DDJH,-,,0001-01-01T00:00:00,01.01.0001.,-&nbsp;%,"63,00",2025-10-23T16:57:50+02:00,23.10.2025. 16:57:50,23.10.2025. 14:57:50,"0,08&nbsp;%","101.532,00",-,"0,50","1,00000000","3.198.258,00",2025-10-25
hr,0,HRDLKVRA0006,Dalekovod d.d.,DLKV,-,,0001-01-01T00:00:00,01.01.0001.,-&nbsp;%,"8,22",2025-10-24T17:23:14+02:00,24.10.2025. 17:23:14,24.10.2025. 15:23:14,"2,17&nbsp;%","41.247.193,00","-3,07&nbsp;%","0,25","1,00000000","84.762.981,62",2025-10-25
hr,0,HRERNTRA0000,ERICSSON NIKOLA TESLA d.d.,ERNT,-,,0001-01-01T00:00:00,01.01.0001.,-&nbsp;%,"189,50",2025-10-24T15:13:21+02:00,24.10.2025. 15:13:21,24.10.2025. 13:13:21,"3,56&nbsp;%","1.331.650,00","+1,34&nbsp;%","0,55","1,00000000","138.791.221,25",2025-10-25
hr,0,HRHPB0RA0002,HPB d.d.,HPB,-,,0001-01-01T00:00:00,01.01.0001.,-&nbsp;%,"304,00",2025-10-24T17:04:13+02:00,24.10.2025. 17:04:13,24.10.2025. 15:04:13,"4,74&nbsp;%","2.024.625,00","+1,33&nbsp;%","0,30","1,00000000","184.645.800,00",2025-10-25
hr,0,HRHT00RA0005,HT d.d.,HT,-,,0001-01-01T00:00:00,01.01.0001.,-&nbsp;%,"42,00",2025-10-24T17:47:47+02:00,24.10.2025. 17:47:47,24.10.2025. 15:47:47,"10,01&nbsp;%","78.000.000,00","+0,24&nbsp;%","0,40","0,29796245","390.449.994,48",2025-10-25
hr,0,HRIG00RA0009,ING-GRAD d.d.,IG,-,,0001-01-01T00:00:00,01.01.0001.,-&nbsp;%,"58,00",2025-10-24T17:27:03+02:00,24.10.2025. 17:27:03,24.10.2025. 15:27:03,"2,08&nbsp;%","3.990.000,00","+2,84&nbsp;%","0,35","1,00000000","80.997.000,00",2025-10-25
hr,0,HRINGRRA0001,INGRA d.d.,INGR,-,,0001-01-01T00:00:00,01.01.0001.,-&nbsp;%,"2,06",2025-10-23T18:00:14+02:00,23.10.2025. 18:00:14,23.10.2025. 16:00:14,"0,61&nbsp;%","13.545.200,00",-,"0,85","1,00000000","23.717.645,20",2025-10-25
hr,0,HRKODTRA0007,KONCAR - DISTRIBUTIVNI I SPECIJALNI TRANSFORMATORI d.d.,KODT,-,,0001-01-01T00:00:00,01.01.0001.,-&nbsp;%,"3.680,00",2025-10-24T17:20:46+02:00,24.10.2025. 17:20:46,24.10.2025. 15:20:46,"9,43&nbsp;%","388.376,00","-0,54&nbsp;%","0,35","0,73541980","367.877.787,52",2025-10-25
hr,0,HRKOEIRA0009,KONCAR d.d.,KOEI,-,,0001-01-01T00:00:00,01.01.0001.,-&nbsp;%,"698,00",2025-10-24T18:00:11+02:00,24.10.2025. 18:00:11,24.10.2025. 16:00:11,"9,68&nbsp;%","2.572.119,00","-0,29&nbsp;%","1,00","0,21015776","377.304.435,71",2025-10-25
hr,0,HRPLAGRA0003,PLAVA LAGUNA d.d.,PLAG,-,,0001-01-01T00:00:00,01.01.0001.,-&nbsp;%,"342,00",2025-10-23T17:32:27+02:00,23.10.2025. 17:32:27,23.10.2025. 15:32:27,"3,08&nbsp;%","2.197.772,00",-,"0,16","1,00000000","120.262.083,84",2025-10-25
hr,0,HRPODRRA0004,PODRAVKA d.d.,PODR,-,,0001-01-01T00:00:00,01.01.0001.,-&nbsp;%,"165,00",2025-10-24T18:00:12+02:00,24.10.2025. 18:00:12,24.10.2025. 16:00:12,"10,79&nbsp;%","7.120.003,00","-1,20&nbsp;%","0,80","0,44747561","420.555.654,50",2025-10-25
hr,0,HRRIVPRA0000,Valamar Riviera d.d.,RIVP,-,,0001-01-01T00:00:00,01.01.0001.,-&nbsp;%,"6,38",2025-10-24T17:41:47+02:00,24.10.2025. 17:41:47,24.10.2025. 15:41:47,"10,12&nbsp;%","126.027.542,00","-0,31&nbsp;%","0,55","0,89268438","394.772.389,04",2025-10-25
hr,0,HRSPANRA0007,SPAN d.d.,SPAN,-,,0001-01-01T00:00:00,01.01.0001.,-&nbsp;%,"64,40",2025-10-24T17:49:38+02:00,24.10.2025. 17:49:38,24.10.2025. 15:49:38,"2,27&nbsp;%","1.960.000,00","+0,63&nbsp;%","0,70","1,00000000","88.356.800,00",2025-10-25
hr,0,HRVLENRB0001,BRODOGRADILISTE VIKTOR LENAC d.d.,VLEN,-,,0001-01-01T00:00:00,01.01.0001.,-&nbsp;%,"3,96",2025-10-24T17:25:58+02:00,24.10.2025. 17:25:58,24.10.2025. 15:25:58,"0,24&nbsp;%","16.813.247,00","+1,54&nbsp;%","0,14","1,00000000","9.321.264,14",2025-10-25
hr,0,HRZABARA0009,Zagrebacka banka d.d.,ZABA,-,,0001-01-01T00:00:00,01.01.0001.,-&nbsp;%,"24,40",2025-10-24T15:11:18+02:00,24.10.2025. 15:11:18,24.10.2025. 13:11:18,"8,02&nbsp;%","320.241.955,00","+1,24&nbsp;%","0,04","1,00000000","312.556.148,08",2025-10-25
hr,0,HRZTOSRB0002,ZITO d.d.,ZITO,-,,0001-01-01T00:00:00,01.01.0001.,-&nbsp;%,"19,65",2025-10-24T17:32:53+02:00,24.10.2025. 17:32:53,24.10.2025. 15:32:53,"3,87&nbsp;%","25.607.675,00","-1,75&nbsp;%","0,30","1,00000000","150.957.244,13",2025-10-25
hr,0,HRADPLRA0006,AD PLASTIK d.d.,ADPL,-,,0001-01-01T00:00:00,01.01.0001.,-&nbsp;%,"17,65",2025-10-24T17:38:14+02:00,24.10.2025. 17:38:14,24.10.2025. 15:38:14,"1,33&nbsp;%","4.199.584,00","-0,56&nbsp;%","0,70","1,00000000","51.885.860,32",2025-10-26
hr,0,HRADRSPA0009,ADRIS GRUPA d.d.,ADRS2,-,,0001-01-01T00:00:00,01.01.0001.,-&nbsp;%,"79,40",2025-10-24T17:07:51+02:00,24.10.2025. 17:07:51,24.10.2025. 15:07:51,"9,68&nbsp;%","6.784.100,00","+1,79&nbsp;%","0,95","0,73725141","377.269.729,33",2025-10-26
hr,0,HRARNTRA0004,Arena Hospitality Group d.d.,ARNT,-,,0001-01-01T00:00:00,01.01.0001.,-&nbsp;%,"38,00",2025-10-23T17:54:44+02:00,23.10.2025. 17:54:44,23.10.2025. 15:54:44,"1,75&nbsp;%","5.128.721,00",-,"0,35","1,00000000","68.211.989,30",2025-10-26
hr,0,HRATGRRA0003,ATLANTIC GRUPA d.d.,ATGR,-,,0001-01-01T00:00:00,01.01.0001.,-&nbsp;%,"42,20",2025-10-24T16:46:20+02:00,24.10.2025. 16:46:20,24.10.2025. 14:46:20,"6,50&nbsp;%","13.337.200,00","-0,47&nbsp;%","0,45","1,00000000","253.273.428,00",2025-10-26
hr,0,HRDDJHRA0007,DURO DAKOVIC GRUPA d.d.,DDJH,-,,0001-01-01T00:00:00,01.01.0001.,-&nbsp;%,"63,00",2025-10-23T16:57:50+02:00,23.10.2025. 16:57:50,23.10.2025. 14:57:50,"0,08&nbsp;%","101.532,00",-,"0,50","1,00000000","3.198.258,00",2025-10-26
hr,0,HRDLKVRA0006,Dalekovod d.d.,DLKV,-,,0001-01-01T00:00:00,01.01.0001.,-&nbsp;%,"8,22",2025-10-24T17:23:14+02:00,24.10.2025. 17:23:14,24.10.2025. 15:23:14,"2,17&nbsp;%","41.247.193,00","-3,07&nbsp;%","0,25","1,00000000","84.762.981,62",2025-10-26
hr,0,HRERNTRA0000,ERICSSON NIKOLA TESLA d.d.,ERNT,-,,0001-01-01T00:00:00,01.01.0001.,-&nbsp;%,"189,50",2025-10-24T15:13:21+02:00,24.10.2025. 15:13:21,24.10.2025. 13:13:21,"3,56&nbsp;%","1.331.650,00","+1,34&nbsp;%","0,55","1,00000000","138.791.221,25",2025-10-26
hr,0,HRHPB0RA0002,HPB d.d.,HPB,-,,0001-01-01T00:00:00,01.01.0001.,-&nbsp;%,"304,00",2025-10-24T17:04:13+02:00,24.10.2025. 17:04:13,24.10.2025. 15:04:13,"4,74&nbsp;%","2.024.625,00","+1,33&nbsp;%","0,30","1,00000000","184.645.800,00",2025-10-26
hr,0,HRHT00RA0005,HT d.d.,HT,-,,0001-01-01T00:00:00,01.01.0001.,-&nbsp;%,"42,00",2025-10-24T17:47:47+02:00,24.10.2025. 17:47:47,24.10.2025. 15:47:47,"10,01&nbsp;%","78.000.000,00","+0,24&nbsp;%","0,40","0,29796245","390.449.994,48",2025-10-26
hr,0,HRIG00RA0009,ING-GRAD d.d.,IG,-,,0001-01-01T00:00:00,01.01.0001.,-&nbsp;%,"58,00",2025-10-24T17:27:03+02:00,24.10.2025. 17:27:03,24.10.2025. 15:27:03,"2,08&nbsp;%","3.990.000,00","+2,84&nbsp;%","0,35","1,00000000","80.997.000,00",2025-10-26
hr,0,HRINGRRA0001,INGRA d.d.,INGR,-,,0001-01-01T00:00:00,01.01.0001.,-&nbsp;%,"2,06",2025-10-23T18:00:14+02:00,23.10.2025. 18:00:14,23.10.2025. 16:00:14,"0,61&nbsp;%","13.545.200,00",-,"0,85","1,00000000","23.717.645,20",2025-10-26
hr,0,HRKODTRA0007,KONCAR - DISTRIBUTIVNI I SPECIJALNI TRANSFORMATORI d.d.,KODT,-,,0001-01-01T00:00:00,01.01.0001.,-&nbsp;%,"3.680,00",2025-10-24T17:20:46+02:00,24.10.2025. 17:20:46,24.10.2025. 15:20:46,"9,43&nbsp;%","388.376,00","-0,54&nbsp;%","0,35","0,73541980","367.877.787,52",2025-10-26
hr,0,HRKOEIRA0009,KONCAR d.d.,KOEI,-,,0001-01-01T00:00:00,01.01.0001.,-&nbsp;%,"698,00",2025-10-24T18:00:11+02:00,24.10.2025. 18:00:11,24.10.2025. 16:00:11,"9,68&nbsp;%","2.572.119,00","-0,29&nbsp;%","1,00","0,21015776","377.304.435,71",2025-10-26
hr,0,HRPLAGRA0003,PLAVA LAGUNA d.d.,PLAG,-,,0001-01-01T00:00:00,01.01.0001.,-&nbsp;%,"342,00",2025-10-23T17:32:27+02:00,23.10.2025. 17:32:27,23.10.2025. 15:32:27,"3,08&nbsp;%","2.197.772,00",-,"0,16","1,00000000","120.262.083,84",2025-10-26
hr,0,HRPODRRA0004,PODRAVKA d.d.,PODR,-,,0001-01-01T00:00:00,01.01.0001.,-&nbsp;%,"165,00",2025-10-24T18:00:12+02:00,24.10.2025. 18:00:12,24.10.2025. 16:00:12,"10,79&nbsp;%","7.120.003,00","-1,20&nbsp;%","0,80","0,44747561","420.555.654,50",2025-10-26
hr,0,HRRIVPRA0000,Valamar Riviera d.d.,RIVP,-,,0001-01-01T00:00:00,01.01.0001.,-&nbsp;%,"6,38",2025-10-24T17:41:47+02:00,24.10.2025. 17:41:47,24.10.2025. 15:41:47,"10,12&nbsp;%","126.027.542,00","-0,31&nbsp;%","0,55","0,89268438","394.772.389,04",2025-10-26
hr,0,HRSPANRA0007,SPAN d.d.,SPAN,-,,0001-01-01T00:00:00,01.01.0001.,-&nbsp;%,"64,40",2025-10-24T17:49:38+02:00,24.10.2025. 17:49:38,24.10.2025. 15:49:38,"2,27&nbsp;%","1.960.000,00","+0,63&nbsp;%","0,70","1,00000000","88.356.800,00",2025-10-26
hr,0,HRVLENRB0001,BRODOGRADILISTE VIKTOR LENAC d.d.,VLEN,-,,0001-01-01T00:00:00,01.01.0001.,-&nbsp;%,"3,96",2025-10-24T17:25:58+02:00,24.10.2025. 17:25:58,24.10.2025. 15:25:58,"0,24&nbsp;%","16.813.247,00","+1,54&nbsp;%","0,14","1,00000000","9.321.264,14",2025-10-26
hr,0,HRZABARA0009,Zagrebacka banka d.d.,ZABA,-,,0001-01-01T00:00:00,01.01.0001.,-&nbsp;%,"24,40",2025-10-24T15:11:18+02:00,24.10.2025. 15:11:18,24.10.2025. 13:11:18,"8,02&nbsp;%","320.241.955,00","+1,24&nbsp;%","0,04","1,00000000","312.556.148,08",2025-10-26
hr,0,HRZTOSRB0002,ZITO d.d.,ZITO,-,,0001-01-01T00:00:00,01.01.0001.,-&nbsp;%,"19,65",2025-10-24T17:32:53+02:00,24.10.2025. 17:32:53,24.10.2025. 15:32:53,"3,87&nbsp;%","25.607.675,00","-1,75&nbsp;%","0,30","1,00000000","150.957.244,13",2025-10-26
hr,0,HRADPLRA0006,AD PLASTIK d.d.,ADPL,-,,0001-01-01T00:00:00,01.01.0001.,-&nbsp;%,"17,70",2025-10-27T17:00:05+01:00,17:00:05,27.10.2025. 16:00:05,"1,34&nbsp;%","4.199.584,00","+0,28&nbsp;%","0,70","1,00000000","52.032.845,76",2025-10-27
hr,0,HRADRSPA0009,ADRIS GRUPA d.d.,ADRS2,-,,0001-01-01T00:00:00,01.01.0001.,-&nbsp;%,"80,60",2025-10-27T16:42:44+01:00,16:42:44,27.10.2025. 15:42:44,"9,85&nbsp;%","6.784.100,00","+1,51&nbsp;%","0,95","0,73725141","382.971.538,84",2025-10-27
hr,0,HRARNTRA0004,Arena Hospitality Group d.d.,ARNT,-,,0001-01-01T00:00:00,01.01.0001.,-&nbsp;%,"38,00",2025-10-27T16:22:05+01:00,16:22:05,27.10.2025. 15:22:05,"1,76&nbsp;%","5.128.721,00","0,00&nbsp;%","0,35","1,00000000","68.211.989,30",2025-10-27
hr,0,HRATGRRA0003,ATLANTIC GRUPA d.d.,ATGR,-,,0001-01-01T00:00:00,01.01.0001.,-&nbsp;%,"42,60",2025-10-27T17:00:05+01:00,17:00:05,27.10.2025. 16:00:05,"6,58&nbsp;%","13.337.200,00","+0,95&nbsp;%","0,45","1,00000000","255.674.124,00",2025-10-27
hr,0,HRDDJHRA0007,DURO DAKOVIC GRUPA d.d.,DDJH,-,,0001-01-01T00:00:00,01.01.0001.,-&nbsp;%,"63,00",2025-10-23T16:57:50+02:00,23.10.2025. 16:57:50,23.10.2025. 14:57:50,"0,08&nbsp;%","101.532,00",-,"0,50","1,00000000","3.198.258,00",2025-10-27
hr,0,HRDLKVRA0006,Dalekovod d.d.,DLKV,-,,0001-01-01T00:00:00,01.01.0001.,-&nbsp;%,"8,46",2025-10-27T16:50:21+01:00,16:50:21,27.10.2025. 15:50:21,"2,24&nbsp;%","41.247.193,00","+2,92&nbsp;%","0,25","1,00000000","87.237.813,20",2025-10-27
hr,0,HRERNTRA0000,ERICSSON NIKOLA TESLA d.d.,ERNT,-,,0001-01-01T00:00:00,01.01.0001.,-&nbsp;%,"190,00",2025-10-27T15:28:24+01:00,15:28:24,27.10.2025. 14:28:24,"3,58&nbsp;%","1.331.650,00","+0,26&nbsp;%","0,55","1,00000000","139.157.425,00",2025-10-27
hr,0,HRHPB0RA0002,HPB d.d.,HPB,-,,0001-01-01T00:00:00,01.01.0001.,-&nbsp;%,"304,00",2025-10-27T14:45:09+01:00,14:45:09,27.10.2025. 13:45:09,"4,75&nbsp;%","2.024.625,00","0,00&nbsp;%","0,30","1,00000000","184.645.800,00",2025-10-27
hr,0,HRHT00RA0005,HT d.d.,HT,-,,0001-01-01T00:00:00,01.01.0001.,-&nbsp;%,"41,90",2025-10-27T16:42:05+01:00,16:42:05,27.10.2025. 15:42:05,"10,02&nbsp;%","78.000.000,00","-0,24&nbsp;%","0,40","0,29796245","389.520.351,64",2025-10-27
hr,0,HRIG00RA0009,ING-GRAD d.d.,IG,-,,0001-01-01T00:00:00,01.01.0001.,-&nbsp;%,"57,80",2025-10-27T14:49:49+01:00,14:49:49,27.10.2025. 13:49:49,"2,08&nbsp;%","3.990.000,00","-0,34&nbsp;%","0,35","1,00000000","80.717.700,00",2025-10-27
hr,0,HRINGRRA0001,INGRA d.d.,INGR,-,,0001-01-01T00:00:00,01.01.0001.,-&nbsp;%,"2,06",2025-10-23T18:00:14+02:00,23.10.2025. 18:00:14,23.10.2025. 16:00:14,"0,61&nbsp;%","13.545.200,00",-,"0,85","1,00000000","23.717.645,20",2025-10-27
hr,0,HRKODTRA0007,KONCAR - DISTRIBUTIVNI I SPECIJALNI TRANSFORMATORI d.d.,KODT,-,,0001-01-01T00:00:00,01.01.0001.,-&nbsp;%,"3.530,00",2025-10-27T17:00:00+01:00,17:00:00,27.10.2025. 16:00:00,"9,08&nbsp;%","388.376,00","-4,08&nbsp;%","0,35","0,73541980","352.882.769,00",2025-10-27
hr,0,HRKOEIRA0009,KONCAR d.d.,KOEI,-,,0001-01-01T00:00:00,01.01.0001.,-&nbsp;%,"696,00",2025-10-27T17:00:01+01:00,17:00:01,27.10.2025. 16:00:01,"9,68&nbsp;%","2.572.119,00","-0,29&nbsp;%","1,00","0,21015776","376.223.334,18",2025-10-27
hr,0,HRPLAGRA0003,PLAVA LAGUNA d.d.,PLAG,-,,0001-01-01T00:00:00,01.01.0001.,-&nbsp;%,"334,00",2025-10-27T15:56:52+01:00,15:56:52,27.10.2025. 14:56:52,"3,02&nbsp;%","2.197.772,00","-2,34&nbsp;%","0,16","1,00000000","117.448.935,68",2025-10-27
hr,0,HRPODRRA0004,PODRAVKA d.d.,PODR,-,,0001-01-01T00:00:00,01.01.0001.,-&nbsp;%,"167,00",2025-10-27T13:47:32+01:00,13:47:32,27.10.2025. 12:47:32,"10,95&nbsp;%","7.120.003,00","+1,21&nbsp;%","0,80","0,44747561","425.653.298,80",2025-10-27
hr,0,HRRIVPRA0000,Valamar Riviera d.d.,RIVP,-,,0001-01-01T00:00:00,01.01.0001.,-&nbsp;%,"6,26",2025-10-27T16:35:38+01:00,16:35:38,27.10.2025. 15:35:38,"9,97&nbsp;%","126.027.542,00","-1,88&nbsp;%","0,55","0,89268438","387.347.203,04",2025-10-27
hr,0,HRSPANRA0007,SPAN d.d.,SPAN,-,,0001-01-01T00:00:00,01.01.0001.,-&nbsp;%,"64,00",2025-10-27T16:00:28+01:00,16:00:28,27.10.2025. 15:00:28,"2,26&nbsp;%","1.960.000,00","-0,62&nbsp;%","0,70","1,00000000","87.808.000,00",2025-10-27
hr,0,HRVLENRB0001,BRODOGRADILISTE VIKTOR LENAC d.d.,VLEN,-,,0001-01-01T00:00:00,01.01.0001.,-&nbsp;%,"4,20",2025-10-27T15:17:57+01:00,15:17:57,27.10.2025. 14:17:57,"0,25&nbsp;%","16.813.247,00","+6,06&nbsp;%","0,14","1,00000000","9.886.189,24",2025-10-27
hr,0,HRZABARA0009,Zagrebacka banka d.d.,ZABA,-,,0001-01-01T00:00:00,01.01.0001.,-&nbsp;%,"24,30",2025-10-27T16:54:20+01:00,16:54:20,27.10.2025. 15:54:20,"8,01&nbsp;%","320.241.955,00","-0,41&nbsp;%","0,04","1,00000000","311.275.180,26",2025-10-27
hr,0,HRZTOSRB0002,ZITO d.d.,ZITO,-,,0001-01-01T00:00:00,01.01.0001.,-&nbsp;%,"19,65",2025-10-27T16:11:58+01:00,16:11:58,27.10.2025. 15:11:58,"3,88&nbsp;%","25.607.675,00","0,00&nbsp;%","0,30","1,00000000","150.957.244,13",2025-10-27
hr,0,HRADPLRA0006,AD PLASTIK d.d.,ADPL,-,,0001-01-01T00:00:00,01.01.0001.,-&nbsp;%,"18,70",2025-10-28T17:00:08+01:00,17:00:08,28.10.2025. 16:00:08,"1,42&nbsp;%","4.199.584,00","+5,65&nbsp;%","0,70","1,00000000","54.972.554,56",2025-10-28
hr,0,HRADRSPA0009,ADRIS GRUPA d.d.,ADRS2,-,,0001-01-01T00:00:00,01.01.0001.,-&nbsp;%,"79,40",2025-10-28T16:53:50+01:00,16:53:50,28.10.2025. 15:53:50,"9,72&nbsp;%","6.784.100,00","-1,49&nbsp;%","0,95","0,73725141","377.269.729,33",2025-10-28
hr,0,HRARNTRA0004,Arena Hospitality Group d.d.,ARNT,-,,0001-01-01T00:00:00,01.01.0001.,-&nbsp;%,"38,20",2025-10-28T15:50:09+01:00,15:50:09,28.10.2025. 14:50:09,"1,77&nbsp;%","5.128.721,00","+0,53&nbsp;%","0,35","1,00000000","68.570.999,77",2025-10-28
hr,0,HRATGRRA0003,ATLANTIC GRUPA d.d.,ATGR,-,,0001-01-01T00:00:00,01.01.0001.,-&nbsp;%,"42,00",2025-10-28T16:30:09+01:00,16:30:09,28.10.2025. 15:30:09,"6,50&nbsp;%","13.337.200,00","-1,41&nbsp;%","0,45","1,00000000","252.073.080,00",2025-10-28
hr,0,HRDDJHRA0007,DURO DAKOVIC GRUPA d.d.,DDJH,-,,0001-01-01T00:00:00,01.01.0001.,-&nbsp;%,"56,50",2025-10-28T16:44:11+01:00,16:44:11,28.10.2025. 15:44:11,"0,07&nbsp;%","101.532,00","-10,32&nbsp;%","0,50","1,00000000","2.868.279,00",2025-10-28
hr,0,HRDLKVRA0006,Dalekovod d.d.,DLKV,-,,0001-01-01T00:00:00,01.01.0001.,-&nbsp;%,"8,76",2025-10-28T17:00:09+01:00,17:00:09,28.10.2025. 16:00:09,"2,33&nbsp;%","41.247.193,00","+3,55&nbsp;%","0,25","1,00000000","90.331.352,67",2025-10-28
hr,0,HRERNTRA0000,ERICSSON NIKOLA TESLA d.d.,ERNT,-,,0001-01-01T00:00:00,01.01.0001.,-&nbsp;%,"188,50",2025-10-28T17:00:11+01:00,17:00:11,28.10.2025. 16:00:11,"3,56&nbsp;%","1.331.650,00","-0,79&nbsp;%","0,55","1,00000000","138.058.813,75",2025-10-28
hr,0,HRHPB0RA0002,HPB d.d.,HPB,-,,0001-01-01T00:00:00,01.01.0001.,-&nbsp;%,"306,00",2025-10-28T17:00:01+01:00,17:00:01,28.10.2025. 16:00:01,"4,79&nbsp;%","2.024.625,00","+0,66&nbsp;%","0,30","1,00000000","185.860.575,00",2025-10-28
hr,0,HRHT00RA0005,HT d.d.,HT,-,,0001-01-01T00:00:00,01.01.0001.,-&nbsp;%,"42,00",2025-10-28T16:53:44+01:00,16:53:44,28.10.2025. 15:53:44,"10,06&nbsp;%","78.000.000,00","+0,24&nbsp;%","0,40","0,29796245","390.449.994,48",2025-10-28
hr,0,HRIG00RA0009,ING-GRAD d.d.,IG,-,,0001-01-01T00:00:00,01.01.0001.,-&nbsp;%,"58,60",2025-10-28T16:41:33+01:00,16:41:33,28.10.2025. 15:41:33,"2,11&nbsp;%","3.990.000,00","+1,38&nbsp;%","0,35","1,00000000","81.834.900,00",2025-10-28
hr,0,HRINGRRA0001,INGRA d.d.,INGR,-,,0001-01-01T00:00:00,01.01.0001.,-&nbsp;%,"2,06",2025-10-28T16:54:31+01:00,16:54:31,28.10.2025. 15:54:31,"0,61&nbsp;%","13.545.200,00","0,00&nbsp;%","0,85","1,00000000","23.717.645,20",2025-10-28
hr,0,HRKODTRA0007,KONCAR - DISTRIBUTIVNI I SPECIJALNI TRANSFORMATORI d.d.,KODT,-,,0001-01-01T00:00:00,01.01.0001.,-&nbsp;%,"3.480,00",2025-10-28T16:44:41+01:00,16:44:41,28.10.2025. 15:44:41,"8,97&nbsp;%","388.376,00","-1,42&nbsp;%","0,35","0,73541980","347.884.429,50",2025-10-28
hr,0,HRKOEIRA0009,KONCAR d.d.,KOEI,-,,0001-01-01T00:00:00,01.01.0001.,-&nbsp;%,"690,00",2025-10-28T17:00:05+01:00,17:00:05,28.10.2025. 16:00:05,"9,61&nbsp;%","2.572.119,00","-0,86&nbsp;%","1,00","0,21015776","372.980.029,57",2025-10-28
hr,0,HRPLAGRA0003,PLAVA LAGUNA d.d.,PLAG,-,,0001-01-01T00:00:00,01.01.0001.,-&nbsp;%,"334,00",2025-10-27T15:56:52+01:00,27.10.2025. 15:56:52,27.10.2025. 14:56:52,"3,03&nbsp;%","2.197.772,00",-,"0,16","1,00000000","117.448.935,68",2025-10-28
hr,0,HRPODRRA0004,PODRAVKA d.d.,PODR,-,,0001-01-01T00:00:00,01.01.0001.,-&nbsp;%,"166,50",2025-10-28T17:00:10+01:00,17:00:10,28.10.2025. 16:00:10,"10,94&nbsp;%","7.120.003,00","-0,30&nbsp;%","0,80","0,44747561","424.378.887,73",2025-10-28
hr,0,HRRIVPRA0000,Valamar Riviera d.d.,RIVP,-,,0001-01-01T00:00:00,01.01.0001.,-&nbsp;%,"6,26",2025-10-28T16:49:29+01:00,16:49:29,28.10.2025. 15:49:29,"9,98&nbsp;%","126.027.542,00","0,00&nbsp;%","0,55","0,89268438","387.347.203,04",2025-10-28
hr,0,HRSPANRA0007,SPAN d.d.,SPAN,-,,0001-01-01T00:00:00,01.01.0001.,-&nbsp;%,"63,20",2025-10-28T16:37:46+01:00,16:37:46,28.10.2025. 15:37:46,"2,23&nbsp;%","1.960.000,00","-1,25&nbsp;%","0,70","1,00000000","86.710.400,00",2025-10-28
hr,0,HRVLENRB0001,BRODOGRADILISTE VIKTOR LENAC d.d.,VLEN,-,,0001-01-01T00:00:00,01.01.0001.,-&nbsp;%,"4,10",2025-10-28T12:52:30+01:00,12:52:30,28.10.2025. 11:52:30,"0,25&nbsp;%","16.813.247,00","-2,38&nbsp;%","0,14","1,00000000","9.650.803,78",2025-10-28
hr,0,HRZABARA0009,Zagrebacka banka d.d.,ZABA,-,,0001-01-01T00:00:00,01.01.0001.,-&nbsp;%,"24,70",2025-10-28T16:21:45+01:00,16:21:45,28.10.2025. 15:21:45,"8,16&nbsp;%","320.241.955,00","+1,65&nbsp;%","0,04","1,00000000","316.399.051,54",2025-10-28
hr,0,HRZTOSRB0002,ZITO d.d.,ZITO,-,,0001-01-01T00:00:00,01.01.0001.,-&nbsp;%,"19,65",2025-10-28T16:52:13+01:00,16:52:13,28.10.2025. 15:52:13,"3,89&nbsp;%","25.607.675,00","0,00&nbsp;%","0,30","1,00000000","150.957.244,13",2025-10-28
hr,0,HRADPLRA0006,AD PLASTIK d.d.,ADPL,-,,0001-01-01T00:00:00,01.01.0001.,-&nbsp;%,"19,35",2025-10-29T16:43:29+01:00,16:43:29,29.10.2025. 15:43:29,"1,47&nbsp;%","4.199.584,00","+3,48&nbsp;%","0,70","1,00000000","56.883.365,28",2025-10-29
hr,0,HRADRSPA0009,ADRIS GRUPA d.d.,ADRS2,-,,0001-01-01T00:00:00,01.01.0001.,-&nbsp;%,"79,80",2025-10-29T15:44:17+01:00,15:44:17,29.10.2025. 14:44:17,"9,80&nbsp;%","6.784.100,00","+0,50&nbsp;%","0,95","0,73725141","379.170.332,50",2025-10-29
hr,0,HRARNTRA0004,Arena Hospitality Group d.d.,ARNT,-,,0001-01-01T00:00:00,01.01.0001.,-&nbsp;%,"38,20",2025-10-28T15:50:09+01:00,28.10.2025. 15:50:09,28.10.2025. 14:50:09,"1,77&nbsp;%","5.128.721,00",-,"0,35","1,00000000","68.570.999,77",2025-10-29
hr,0,HRATGRRA0003,ATLANTIC GRUPA d.d.,ATGR,-,,0001-01-01T00:00:00,01.01.0001.,-&nbsp;%,"42,00",2025-10-29T14:10:02+01:00,14:10:02,29.10.2025. 13:10:02,"6,51&nbsp;%","13.337.200,00","0,00&nbsp;%","0,45","1,00000000","252.073.080,00",2025-10-29
hr,0,HRDDJHRA0007,DURO DAKOVIC GRUPA d.d.,DDJH,-,,0001-01-01T00:00:00,01.01.0001.,-&nbsp;%,"63,50",2025-10-29T14:52:36+01:00,14:52:36,29.10.2025. 13:52:36,"0,08&nbsp;%","101.532,00","+12,39&nbsp;%","0,50","1,00000000","3.223.641,00",2025-10-29
hr,0,HRDLKVRA0006,Dalekovod d.d.,DLKV,-,,0001-01-01T00:00:00,01.01.0001.,-&nbsp;%,"8,52",2025-10-29T16:21:16+01:00,16:21:16,29.10.2025. 15:21:16,"2,27&nbsp;%","41.247.193,00","-2,74&nbsp;%","0,25","1,00000000","87.856.521,09",2025-10-29
hr,0,HRERNTRA0000,ERICSSON NIKOLA TESLA d.d.,ERNT,-,,0001-01-01T00:00:00,01.01.0001.,-&nbsp;%,"186,00",2025-10-29T16:19:26+01:00,16:19:26,29.10.2025. 15:19:26,"3,52&nbsp;%","1.331.650,00","-1,33&nbsp;%","0,55","1,00000000","136.227.795,00",2025-10-29
hr,0,HRHPB0RA0002,HPB d.d.,HPB,-,,0001-01-01T00:00:00,01.01.0001.,-&nbsp;%,"310,00",2025-10-29T16:26:16+01:00,16:26:16,29.10.2025. 15:26:16,"4,87&nbsp;%","2.024.625,00","+1,31&nbsp;%","0,30","1,00000000","188.290.125,00",2025-10-29
hr,0,HRHT00RA0005,HT d.d.,HT,-,,0001-01-01T00:00:00,01.01.0001.,-&nbsp;%,"42,20",2025-10-29T15:39:54+01:00,15:39:54,29.10.2025. 14:39:54,"10,14&nbsp;%","78.000.000,00","+0,48&nbsp;%","0,40","0,29796245","392.309.280,17",2025-10-29
hr,0,HRIG00RA0009,ING-GRAD d.d.,IG,-,,0001-01-01T00:00:00,01.01.0001.,-&nbsp;%,"58,40",2025-10-29T16:37:35+01:00,16:37:35,29.10.2025. 15:37:35,"2,11&nbsp;%","3.990.000,00","-0,34&nbsp;%","0,35","1,00000000","81.555.600,00",2025-10-29
hr,0,HRINGRRA0001,INGRA d.d.,INGR,-,,0001-01-01T00:00:00,01.01.0001.,-&nbsp;%,"2,06",2025-10-29T11:34:10+01:00,11:34:10,29.10.2025. 10:34:10,"0,61&nbsp;%","13.545.200,00","0,00&nbsp;%","0,85","1,00000000","23.717.645,20",2025-10-29
hr,0,HRKODTRA0007,KONCAR - DISTRIBUTIVNI I SPECIJALNI TRANSFORMATORI d.d.,KODT,-,,0001-01-01T00:00:00,01.01.0001.,-&nbsp;%,"3.500,00",2025-10-29T16:50:45+01:00,16:50:45,29.10.2025. 15:50:45,"9,04&nbsp;%","388.376,00","+0,57&nbsp;%","0,35","0,73541980","349.883.765,30",2025-10-29
hr,0,HRKOEIRA0009,KONCAR d.d.,KOEI,-,,0001-01-01T00:00:00,01.01.0001.,-&nbsp;%,"660,00",2025-10-29T17:00:01+01:00,17:00:01,29.10.2025. 16:00:01,"9,22&nbsp;%","2.572.119,00","-4,35&nbsp;%","1,00","0,21015776","356.763.506,55",2025-10-29
hr,0,HRPLAGRA0003,PLAVA LAGUNA d.d.,PLAG,-,,0001-01-01T00:00:00,01.01.0001.,-&nbsp;%,"330,00",2025-10-29T10:59:11+01:00,10:59:11,29.10.2025. 09:59:11,"3,00&nbsp;%","2.197.772,00","-1,20&nbsp;%","0,16","1,00000000","116.042.361,60",2025-10-29
hr,0,HRPODRRA0004,PODRAVKA d.d.,PODR,-,,0001-01-01T00:00:00,01.01.0001.,-&nbsp;%,"166,00",2025-10-29T15:53:16+01:00,15:53:16,29.10.2025. 14:53:16,"10,93&nbsp;%","7.120.003,00","-0,30&nbsp;%","0,80","0,44747561","423.104.476,65",2025-10-29
hr,0,HRRIVPRA0000,Valamar Riviera d.d.,RIVP,-,,0001-01-01T00:00:00,01.01.0001.,-&nbsp;%,"6,26",2025-10-29T16:27:49+01:00,16:27:49,29.10.2025. 15:27:49,"10,01&nbsp;%","126.027.542,00","0,00&nbsp;%","0,55","0,89268438","387.347.203,04",2025-10-29
hr,0,HRSPANRA0007,SPAN d.d.,SPAN,-,,0001-01-01T00:00:00,01.01.0001.,-&nbsp;%,"64,00",2025-10-29T14:00:00+01:00,14:00:00,29.10.2025. 13:00:00,"2,27&nbsp;%","1.960.000,00","+1,27&nbsp;%","0,70","1,00000000","87.808.000,00",2025-10-29
hr,0,HRVLENRB0001,BRODOGRADILISTE VIKTOR LENAC d.d.,VLEN,-,,0001-01-01T00:00:00,01.01.0001.,-&nbsp;%,"4,36",2025-10-29T10:46:19+01:00,10:46:19,29.10.2025. 09:46:19,"0,27&nbsp;%","16.813.247,00","+6,34&nbsp;%","0,14","1,00000000","10.262.805,97",2025-10-29
hr,0,HRZABARA0009,Zagrebacka banka d.d.,ZABA,-,,0001-01-01T00:00:00,01.01.0001.,-&nbsp;%,"24,70",2025-10-29T15:55:38+01:00,15:55:38,29.10.2025. 14:55:38,"8,18&nbsp;%","320.241.955,00","0,00&nbsp;%","0,04","1,00000000","316.399.051,54",2025-10-29
hr,0,HRZTOSRB0002,ZITO d.d.,ZITO,-,,0001-01-01T00:00:00,01.01.0001.,-&nbsp;%,"19,80",2025-10-29T15:47:45+01:00,15:47:45,29.10.2025. 14:47:45,"3,93&nbsp;%","25.607.675,00","+0,76&nbsp;%","0,30","1,00000000","152.109.589,50",2025-10-29
hr,0,HRADPLRA0006,AD PLASTIK d.d.,ADPL,-,,0001-01-01T00:00:00,01.01.0001.,-&nbsp;%,"19,60",2025-10-30T16:27:00+01:00,16:27:00,30.10.2025. 15:27:00,"1,49&nbsp;%","4.199.584,00","+1,29&nbsp;%","0,70","1,00000000","57.618.292,48",2025-10-30
hr,0,HRADRSPA0009,ADRIS GRUPA d.d.,ADRS2,-,,0001-01-01T00:00:00,01.01.0001.,-&nbsp;%,"79,80",2025-10-30T12:04:58+01:00,12:04:58,30.10.2025. 11:04:58,"9,82&nbsp;%","6.784.100,00","0,00&nbsp;%","0,95","0,73725141","379.170.332,50",2025-10-30
hr,0,HRARNTRA0004,Arena Hospitality Group d.d.,ARNT,-,,0001-01-01T00:00:00,01.01.0001.,-&nbsp;%,"38,40",2025-10-30T16:38:42+01:00,16:38:42,30.10.2025. 15:38:42,"1,78&nbsp;%","5.128.721,00","+0,52&nbsp;%","0,35","1,00000000","68.930.010,24",2025-10-30
hr,0,HRATGRRA0003,ATLANTIC GRUPA d.d.,ATGR,-,,0001-01-01T00:00:00,01.01.0001.,-&nbsp;%,"42,00",2025-10-29T14:10:02+01:00,29.10.2025. 14:10:02,29.10.2025. 13:10:02,"6,53&nbsp;%","13.337.200,00",-,"0,45","1,00000000","252.073.080,00",2025-10-30
hr,0,HRDDJHRA0007,DURO DAKOVIC GRUPA d.d.,DDJH,-,,0001-01-01T00:00:00,01.01.0001.,-&nbsp;%,"64,00",2025-10-30T12:11:57+01:00,12:11:57,30.10.2025. 11:11:57,"0,08&nbsp;%","101.532,00","+0,79&nbsp;%","0,50","1,00000000","3.249.024,00",2025-10-30
hr,0,HRDLKVRA0006,Dalekovod d.d.,DLKV,-,,0001-01-01T00:00:00,01.01.0001.,-&nbsp;%,"8,60",2025-10-30T16:46:39+01:00,16:46:39,30.10.2025. 15:46:39,"2,30&nbsp;%","41.247.193,00","+0,94&nbsp;%","0,25","1,00000000","88.681.464,95",2025-10-30
hr,0,HRERNTRA0000,ERICSSON NIKOLA TESLA d.d.,ERNT,-,,0001-01-01T00:00:00,01.01.0001.,-&nbsp;%,"188,00",2025-10-30T15:52:55+01:00,15:52:55,30.10.2025. 14:52:55,"3,56&nbsp;%","1.331.650,00","+1,08&nbsp;%","0,55","1,00000000","137.692.610,00",2025-10-30
hr,0,HRHPB0RA0002,HPB d.d.,HPB,-,,0001-01-01T00:00:00,01.01.0001.,-&nbsp;%,"304,00",2025-10-30T15:45:18+01:00,15:45:18,30.10.2025. 14:45:18,"4,78&nbsp;%","2.024.625,00","-1,94&nbsp;%","0,30","1,00000000","184.645.800,00",2025-10-30
hr,0,HRHT00RA0005,HT d.d.,HT,-,,0001-01-01T00:00:00,01.01.0001.,-&nbsp;%,"42,00",2025-10-30T16:41:31+01:00,16:41:31,30.10.2025. 15:41:31,"10,11&nbsp;%","78.000.000,00","-0,47&nbsp;%","0,40","0,29796245","390.449.994,48",2025-10-30
hr,0,HRIG00RA0009,ING-GRAD d.d.,IG,-,,0001-01-01T00:00:00,01.01.0001.,-&nbsp;%,"60,20",2025-10-30T17:00:03+01:00,17:00:03,30.10.2025. 16:00:03,"2,18&nbsp;%","3.990.000,00","+3,08&nbsp;%","0,35","1,00000000","84.069.300,00",2025-10-30
hr,0,HRINGRRA0001,INGRA d.d.,INGR,-,,0001-01-01T00:00:00,01.01.0001.,-&nbsp;%,"2,12",2025-10-30T16:44:19+01:00,16:44:19,30.10.2025. 15:44:19,"0,63&nbsp;%","13.545.200,00","+2,91&nbsp;%","0,85","1,00000000","24.408.450,40",2025-10-30
hr,0,HRKODTRA0007,KONCAR - DISTRIBUTIVNI I SPECIJALNI TRANSFORMATORI d.d.,KODT,-,,0001-01-01T00:00:00,01.01.0001.,-&nbsp;%,"3.550,00",2025-10-30T16:38:52+01:00,16:38:52,30.10.2025. 15:38:52,"9,19&nbsp;%","388.376,00","+1,43&nbsp;%","0,35","0,73541980","354.882.104,80",2025-10-30
hr,0,HRKOEIRA0009,KONCAR d.d.,KOEI,-,,0001-01-01T00:00:00,01.01.0001.,-&nbsp;%,"672,00",2025-10-30T16:48:49+01:00,16:48:49,30.10.2025. 15:48:49,"9,40&nbsp;%","2.572.119,00","+1,82&nbsp;%","1,00","0,21015776","363.250.115,76",2025-10-30
hr,0,HRPLAGRA0003,PLAVA LAGUNA d.d.,PLAG,-,,0001-01-01T00:00:00,01.01.0001.,-&nbsp;%,"330,00",2025-10-29T10:59:11+01:00,29.10.2025. 10:59:11,29.10.2025. 09:59:11,"3,00&nbsp;%","2.197.772,00",-,"0,16","1,00000000","116.042.361,60",2025-10-30
hr,0,HRPODRRA0004,PODRAVKA d.d.,PODR,-,,0001-01-01T00:00:00,01.01.0001.,-&nbsp;%,"158,00",2025-10-30T16:40:13+01:00,16:40:13,30.10.2025. 15:40:13,"10,43&nbsp;%","7.120.003,00","-4,82&nbsp;%","0,80","0,44747561","402.713.899,46",2025-10-30
hr,0,HRRIVPRA0000,Valamar Riviera d.d.,RIVP,-,,0001-01-01T00:00:00,01.01.0001.,-&nbsp;%,"6,28",2025-10-30T16:31:23+01:00,16:31:23,30.10.2025. 15:31:23,"10,06&nbsp;%","126.027.542,00","+0,32&nbsp;%","0,55","0,89268438","388.584.734,04",2025-10-30
hr,0,HRSPANRA0007,SPAN d.d.,SPAN,-,,0001-01-01T00:00:00,01.01.0001.,-&nbsp;%,"64,60",2025-10-30T16:24:16+01:00,16:24:16,30.10.2025. 15:24:16,"2,29&nbsp;%","1.960.000,00","+0,94&nbsp;%","0,70","1,00000000","88.631.200,00",2025-10-30
hr,0,HRVLENRB0001,BRODOGRADILISTE VIKTOR LENAC d.d.,VLEN,-,,0001-01-01T00:00:00,01.01.0001.,-&nbsp;%,"4,36",2025-10-29T10:46:19+01:00,29.10.2025. 10:46:19,29.10.2025. 09:46:19,"0,27&nbsp;%","16.813.247,00",-,"0,14","1,00000000","10.262.805,97",2025-10-30
hr,0,HRZABARA0009,Zagrebacka banka d.d.,ZABA,-,,0001-01-01T00:00:00,01.01.0001.,-&nbsp;%,"24,50",2025-10-30T15:56:37+01:00,15:56:37,30.10.2025. 14:56:37,"8,12&nbsp;%","320.241.955,00","-0,81&nbsp;%","0,04","1,00000000","313.837.115,90",2025-10-30
hr,0,HRZTOSRB0002,ZITO d.d.,ZITO,-,,0001-01-01T00:00:00,01.01.0001.,-&nbsp;%,"20,00",2025-10-30T15:37:00+01:00,15:37:00,30.10.2025. 14:37:00,"3,98&nbsp;%","25.607.675,00","+1,01&nbsp;%","0,30","1,00000000","153.646.050,00",2025-10-30
hr,0,HRADPLRA0006,AD PLASTIK d.d.,ADPL,-,,0001-01-01T00:00:00,01.01.0001.,-&nbsp;%,"20,60",2025-10-31T17:00:05+01:00,17:00:05,31.10.2025. 16:00:05,"1,56&nbsp;%","4.199.584,00","+5,10&nbsp;%","0,70","1,00000000","60.558.001,28",2025-10-31
hr,0,HRADRSPA0009,ADRIS GRUPA d.d.,ADRS2,-,,0001-01-01T00:00:00,01.01.0001.,-&nbsp;%,"79,80",2025-10-31T12:48:47+01:00,12:48:47,31.10.2025. 11:48:47,"9,80&nbsp;%","6.784.100,00","0,00&nbsp;%","0,95","0,73725141","379.170.332,50",2025-10-31
hr,0,HRARNTRA0004,Arena Hospitality Group d.d.,ARNT,-,,0001-01-01T00:00:00,01.01.0001.,-&nbsp;%,"38,00",2025-10-31T15:03:07+01:00,15:03:07,31.10.2025. 14:03:07,"1,76&nbsp;%","5.128.721,00","-1,04&nbsp;%","0,35","1,00000000","68.211.989,30",2025-10-31
hr,0,HRATGRRA0003,ATLANTIC GRUPA d.d.,ATGR,-,,0001-01-01T00:00:00,01.01.0001.,-&nbsp;%,"41,80",2025-10-31T15:07:57+01:00,15:07:57,31.10.2025. 14:07:57,"6,48&nbsp;%","13.337.200,00","-0,48&nbsp;%","0,45","1,00000000","250.872.732,00",2025-10-31
hr,0,HRDDJHRA0007,DURO DAKOVIC GRUPA d.d.,DDJH,-,,0001-01-01T00:00:00,01.01.0001.,-&nbsp;%,"63,00",2025-10-31T12:52:31+01:00,12:52:31,31.10.2025. 11:52:31,"0,08&nbsp;%","101.532,00","-1,56&nbsp;%","0,50","1,00000000","3.198.258,00",2025-10-31
hr,0,HRDLKVRA0006,Dalekovod d.d.,DLKV,-,,0001-01-01T00:00:00,01.01.0001.,-&nbsp;%,"8,80",2025-10-31T17:00:01+01:00,17:00:01,31.10.2025. 16:00:01,"2,34&nbsp;%","41.247.193,00","+2,33&nbsp;%","0,25","1,00000000","90.743.824,60",2025-10-31
hr,0,HRERNTRA0000,ERICSSON NIKOLA TESLA d.d.,ERNT,-,,0001-01-01T00:00:00,01.01.0001.,-&nbsp;%,"190,00",2025-10-31T15:30:16+01:00,15:30:16,31.10.2025. 14:30:16,"3,60&nbsp;%","1.331.650,00","+1,06&nbsp;%","0,55","1,00000000","139.157.425,00",2025-10-31
hr,0,HRHPB0RA0002,HPB d.d.,HPB,-,,0001-01-01T00:00:00,01.01.0001.,-&nbsp;%,"310,00",2025-10-31T16:53:39+01:00,16:53:39,31.10.2025. 15:53:39,"4,86&nbsp;%","2.024.625,00","+1,97&nbsp;%","0,30","1,00000000","188.290.125,00",2025-10-31
hr,0,HRHT00RA0005,HT d.d.,HT,-,,0001-01-01T00:00:00,01.01.0001.,-&nbsp;%,"42,00",2025-10-31T16:33:45+01:00,16:33:45,31.10.2025. 15:33:45,"10,09&nbsp;%","78.000.000,00","0,00&nbsp;%","0,40","0,29796245","390.449.994,48",2025-10-31
hr,0,HRIG00RA0009,ING-GRAD d.d.,IG,-,,0001-01-01T00:00:00,01.01.0001.,-&nbsp;%,"58,80",2025-10-31T15:59:22+01:00,15:59:22,31.10.2025. 14:59:22,"2,12&nbsp;%","3.990.000,00","-2,33&nbsp;%","0,35","1,00000000","82.114.200,00",2025-10-31
hr,0,HRINGRRA0001,INGRA d.d.,INGR,-,,0001-01-01T00:00:00,01.01.0001.,-&nbsp;%,"2,10",2025-10-31T17:00:13+01:00,17:00:13,31.10.2025. 16:00:13,"0,62&nbsp;%","13.545.200,00","-0,94&nbsp;%","0,85","1,00000000","24.178.182,00",2025-10-31
hr,0,HRKODTRA0007,KONCAR - DISTRIBUTIVNI I SPECIJALNI TRANSFORMATORI d.d.,KODT,-,,0001-01-01T00:00:00,01.01.0001.,-&nbsp;%,"3.550,00",2025-10-31T16:10:24+01:00,16:10:24,31.10.2025. 15:10:24,"9,17&nbsp;%","388.376,00","0,00&nbsp;%","0,35","0,73541980","354.882.104,80",2025-10-31
hr,0,HRKOEIRA0009,KONCAR d.d.,KOEI,-,,0001-01-01T00:00:00,01.01.0001.,-&nbsp;%,"678,00",2025-10-31T17:00:04+01:00,17:00:04,31.10.2025. 16:00:04,"9,47&nbsp;%","2.572.119,00","+0,89&nbsp;%","1,00","0,21015776","366.493.420,36",2025-10-31
hr,0,HRPLAGRA0003,PLAVA LAGUNA d.d.,PLAG,-,,0001-01-01T00:00:00,01.01.0001.,-&nbsp;%,"330,00",2025-10-29T10:59:11+01:00,29.10.2025. 10:59:11,29.10.2025. 09:59:11,"3,00&nbsp;%","2.197.772,00",-,"0,16","1,00000000","116.042.361,60",2025-10-31
hr,0,HRPODRRA0004,PODRAVKA d.d.,PODR,-,,0001-01-01T00:00:00,01.01.0001.,-&nbsp;%,"157,50",2025-10-31T17:00:09+01:00,17:00:09,31.10.2025. 16:00:09,"10,37&nbsp;%","7.120.003,00","-0,32&nbsp;%","0,80","0,44747561","401.439.488,39",2025-10-31
hr,0,HRRIVPRA0000,Valamar Riviera d.d.,RIVP,-,,0001-01-01T00:00:00,01.01.0001.,-&nbsp;%,"6,30",2025-10-31T16:31:02+01:00,16:31:02,31.10.2025. 15:31:02,"10,07&nbsp;%","126.027.542,00","+0,32&nbsp;%","0,55","0,89268438","389.822.265,04",2025-10-31
hr,0,HRSPANRA0007,SPAN d.d.,SPAN,-,,0001-01-01T00:00:00,01.01.0001.,-&nbsp;%,"67,20",2025-10-31T16:48:19+01:00,16:48:19,31.10.2025. 15:48:19,"2,38&nbsp;%","1.960.000,00","+4,02&nbsp;%","0,70","1,00000000","92.198.400,00",2025-10-31
hr,0,HRVLENRB0001,BRODOGRADILISTE VIKTOR LENAC d.d.,VLEN,-,,0001-01-01T00:00:00,01.01.0001.,-&nbsp;%,"3,88",2025-10-31T15:20:01+01:00,15:20:01,31.10.2025. 14:20:01,"0,24&nbsp;%","16.813.247,00","-11,01&nbsp;%","0,14","1,00000000","9.132.955,77",2025-10-31
hr,0,HRZABARA0009,Zagrebacka banka d.d.,ZABA,-,,0001-01-01T00:00:00,01.01.0001.,-&nbsp;%,"24,40",2025-10-31T16:23:50+01:00,16:23:50,31.10.2025. 15:23:50,"8,07&nbsp;%","320.241.955,00","-0,41&nbsp;%","0,04","1,00000000","312.556.148,08",2025-10-31
hr,0,HRZTOSRB0002,ZITO d.d.,ZITO,-,,0001-01-01T00:00:00,01.01.0001.,-&nbsp;%,"19,70",2025-10-31T16:42:05+01:00,16:42:05,31.10.2025. 15:42:05,"3,91&nbsp;%","25.607.675,00","-1,50&nbsp;%","0,30","1,00000000","151.341.359,25",2025-10-31
hr,0,HRADPLRA0006,AD PLASTIK d.d.,ADPL,-,,0001-01-01T00:00:00,01.01.0001.,-&nbsp;%,"20,60",2025-10-31T17:00:05+01:00,31.10.2025. 17:00:05,31.10.2025. 16:00:05,"1,56&nbsp;%","4.199.584,00","+5,10&nbsp;%","0,70","1,00000000","60.558.001,28",2025-11-01
hr,0,HRADRSPA0009,ADRIS GRUPA d.d.,ADRS2,-,,0001-01-01T00:00:00,01.01.0001.,-&nbsp;%,"79,80",2025-10-31T12:48:47+01:00,31.10.2025. 12:48:47,31.10.2025. 11:48:47,"9,80&nbsp;%","6.784.100,00","0,00&nbsp;%","0,95","0,73725141","379.170.332,50",2025-11-01
hr,0,HRARNTRA0004,Arena Hospitality Group d.d.,ARNT,-,,0001-01-01T00:00:00,01.01.0001.,-&nbsp;%,"38,00",2025-10-31T15:03:07+01:00,31.10.2025. 15:03:07,31.10.2025. 14:03:07,"1,76&nbsp;%","5.128.721,00","-1,04&nbsp;%","0,35","1,00000000","68.211.989,30",2025-11-01
hr,0,HRATGRRA0003,ATLANTIC GRUPA d.d.,ATGR,-,,0001-01-01T00:00:00,01.01.0001.,-&nbsp;%,"41,80",2025-10-31T15:07:57+01:00,31.10.2025. 15:07:57,31.10.2025. 14:07:57,"6,48&nbsp;%","13.337.200,00","-0,48&nbsp;%","0,45","1,00000000","250.872.732,00",2025-11-01
hr,0,HRDDJHRA0007,DURO DAKOVIC GRUPA d.d.,DDJH,-,,0001-01-01T00:00:00,01.01.0001.,-&nbsp;%,"63,00",2025-10-31T12:52:31+01:00,31.10.2025. 12:52:31,31.10.2025. 11:52:31,"0,08&nbsp;%","101.532,00","-1,56&nbsp;%","0,50","1,00000000","3.198.258,00",2025-11-01
hr,0,HRDLKVRA0006,Dalekovod d.d.,DLKV,-,,0001-01-01T00:00:00,01.01.0001.,-&nbsp;%,"8,80",2025-10-31T17:00:01+01:00,31.10.2025. 17:00:01,31.10.2025. 16:00:01,"2,34&nbsp;%","41.247.193,00","+2,33&nbsp;%","0,25","1,00000000","90.743.824,60",2025-11-01
hr,0,HRERNTRA0000,ERICSSON NIKOLA TESLA d.d.,ERNT,-,,0001-01-01T00:00:00,01.01.0001.,-&nbsp;%,"190,00",2025-10-31T15:30:16+01:00,31.10.2025. 15:30:16,31.10.2025. 14:30:16,"3,60&nbsp;%","1.331.650,00","+1,06&nbsp;%","0,55","1,00000000","139.157.425,00",2025-11-01
hr,0,HRHPB0RA0002,HPB d.d.,HPB,-,,0001-01-01T00:00:00,01.01.0001.,-&nbsp;%,"310,00",2025-10-31T16:53:39+01:00,31.10.2025. 16:53:39,31.10.2025. 15:53:39,"4,86&nbsp;%","2.024.625,00","+1,97&nbsp;%","0,30","1,00000000","188.290.125,00",2025-11-01
hr,0,HRHT00RA0005,HT d.d.,HT,-,,0001-01-01T00:00:00,01.01.0001.,-&nbsp;%,"42,00",2025-10-31T16:33:45+01:00,31.10.2025. 16:33:45,31.10.2025. 15:33:45,"10,09&nbsp;%","78.000.000,00","0,00&nbsp;%","0,40","0,29796245","390.449.994,48",2025-11-01
hr,0,HRIG00RA0009,ING-GRAD d.d.,IG,-,,0001-01-01T00:00:00,01.01.0001.,-&nbsp;%,"58,80",2025-10-31T15:59:22+01:00,31.10.2025. 15:59:22,31.10.2025. 14:59:22,"2,12&nbsp;%","3.990.000,00","-2,33&nbsp;%","0,35","1,00000000","82.114.200,00",2025-11-01
hr,0,HRINGRRA0001,INGRA d.d.,INGR,-,,0001-01-01T00:00:00,01.01.0001.,-&nbsp;%,"2,10",2025-10-31T17:00:13+01:00,31.10.2025. 17:00:13,31.10.2025. 16:00:13,"0,62&nbsp;%","13.545.200,00","-0,94&nbsp;%","0,85","1,00000000","24.178.182,00",2025-11-01
hr,0,HRKODTRA0007,KONCAR - DISTRIBUTIVNI I SPECIJALNI TRANSFORMATORI d.d.,KODT,-,,0001-01-01T00:00:00,01.01.0001.,-&nbsp;%,"3.550,00",2025-10-31T16:10:24+01:00,31.10.2025. 16:10:24,31.10.2025. 15:10:24,"9,17&nbsp;%","388.376,00","0,00&nbsp;%","0,35","0,73541980","354.882.104,80",2025-11-01
hr,0,HRKOEIRA0009,KONCAR d.d.,KOEI,-,,0001-01-01T00:00:00,01.01.0001.,-&nbsp;%,"678,00",2025-10-31T17:00:04+01:00,31.10.2025. 17:00:04,31.10.2025. 16:00:04,"9,47&nbsp;%","2.572.119,00","+0,89&nbsp;%","1,00","0,21015776","366.493.420,36",2025-11-01
hr,0,HRPLAGRA0003,PLAVA LAGUNA d.d.,PLAG,-,,0001-01-01T00:00:00,01.01.0001.,-&nbsp;%,"330,00",2025-10-29T10:59:11+01:00,29.10.2025. 10:59:11,29.10.2025. 09:59:11,"3,00&nbsp;%","2.197.772,00",-,"0,16","1,00000000","116.042.361,60",2025-11-01
hr,0,HRPODRRA0004,PODRAVKA d.d.,PODR,-,,0001-01-01T00:00:00,01.01.0001.,-&nbsp;%,"157,50",2025-10-31T17:00:09+01:00,31.10.2025. 17:00:09,31.10.2025. 16:00:09,"10,37&nbsp;%","7.120.003,00","-0,32&nbsp;%","0,80","0,44747561","401.439.488,39",2025-11-01
hr,0,HRRIVPRA0000,Valamar Riviera d.d.,RIVP,-,,0001-01-01T00:00:00,01.01.0001.,-&nbsp;%,"6,30",2025-10-31T16:31:02+01:00,31.10.2025. 16:31:02,31.10.2025. 15:31:02,"10,07&nbsp;%","126.027.542,00","+0,32&nbsp;%","0,55","0,89268438","389.822.265,04",2025-11-01
hr,0,HRSPANRA0007,SPAN d.d.,SPAN,-,,0001-01-01T00:00:00,01.01.0001.,-&nbsp;%,"67,20",2025-10-31T16:48:19+01:00,31.10.2025. 16:48:19,31.10.2025. 15:48:19,"2,38&nbsp;%","1.960.000,00","+4,02&nbsp;%","0,70","1,00000000","92.198.400,00",2025-11-01
hr,0,HRVLENRB0001,BRODOGRADILISTE VIKTOR LENAC d.d.,VLEN,-,,0001-01-01T00:00:00,01.01.0001.,-&nbsp;%,"3,88",2025-10-31T15:20:01+01:00,31.10.2025. 15:20:01,31.10.2025. 14:20:01,"0,24&nbsp;%","16.813.247,00","-11,01&nbsp;%","0,14","1,00000000","9.132.955,77",2025-11-01
hr,0,HRZABARA0009,Zagrebacka banka d.d.,ZABA,-,,0001-01-01T00:00:00,01.01.0001.,-&nbsp;%,"24,40",2025-10-31T16:23:50+01:00,31.10.2025. 16:23:50,31.10.2025. 15:23:50,"8,07&nbsp;%","320.241.955,00","-0,41&nbsp;%","0,04","1,00000000","312.556.148,08",2025-11-01
hr,0,HRZTOSRB0002,ZITO d.d.,ZITO,-,,0001-01-01T00:00:00,01.01.0001.,-&nbsp;%,"19,70",2025-10-31T16:42:05+01:00,31.10.2025. 16:42:05,31.10.2025. 15:42:05,"3,91&nbsp;%","25.607.675,00","-1,50&nbsp;%","0,30","1,00000000","151.341.359,25",2025-11-01
